"question","prediction","references"
"What is happening in the audio?","An orchestra is rehearsing.","A large crowd cheers and applauds
An audience screams and gives applause
Continuous applause and cheering
An audience screams and gives applause
An audience cheers"
"What is happening in the audio?","Engine revving followed by a loud explosion","Popping and crackling repeats as men yell and laugh
A vehicle is running and crackling and popping as people laugh
People yell and laugh as a motor sputters and pops
Men screeching and shouting while a vehicle is revving and backfiring loudly
People yell and laugh as a vehicle approaches and sputters"
"What is happening in the audio?","A man speaks as water rushes by","An engine idles consistently before sputtering some
A motorcycle engine is idling
A sputtering motor idles roughly
Sputtering and clanking of an idling powerful engine
An engine is idling while people speak"
"What is happening in the audio?","Birds chirp and a horse snorts","A toilet flushes quickly
A toilet flushes loudly and water runs down through the toilet and then gurgles at the bottom
A toilet flushes and water drains
A loud rumble followed by a toilet flushing
A toilet flushes and water drains"
"What is happening in the audio?","An engine is idling and people are talking","Distant men speak as a spray can nozzle is depressed
While a man talks in the distance, a sprayer sprays multiple times
Intermittent spraying is accompanied by men speaking
A spray hisses followed by a man speaking and low rumbling in the background
A person sprays liquid onto a hard surface as a man speaks and vehicles pass by"
"What is happening in the audio?","A man speaks with insects buzzing in the background","A man speaks as crickets sing
A man speaks as crickets sing
A man speaks as crickets sing
A man speaks as crickets sing
Insects chirp and men speak"
"What is happening in the audio?","People are talking and laughing near a waterfall.","Several insects fly while two men talk
Insects buzz and men speak
Many insects are buzzing as a man are speaking
Insects buzz as men speak
Insects buzz around and men talk"
"What is happening in the audio?","A man talks while something sizzles in the background","A man talks followed by a woman shouting
A man speaks as water overflows making a hiss noise and a woman yells
A man speaks then a woman yells
A man speaks then a woman panics
An adult man speaks and a woman exclaims nervously"
"What is happening in the audio?","An emergency vehicle passes by with its siren on","A motor vehicle roars, drowning out people speaking in the background
Water rushes and then a vehicle zooms past
Water rushes by followed by a motorcycle zooming by in the distance
A motor vehicle accelerate
A vehicle with a diesel engine accelerates"
"What is happening in the audio?","Someone is yelling.","A motor runs and stops, and animals squawk and croak
Submachine gun fire along with creature sound effects that continues after gunfire stops
Gunshots fire as a frog croaks
A motor sputters, animals croak, and a person exclaims
A motor runs choppily, followed by an animal croaking, and a person exclaiming"
"What is happening in the audio?","A horse neighs and whinnies","Birds chirp in the background while a horse neighs followed by a girl speaking
A young woman speaks and then a horse neighs in the background
A horse neighs and a girl talks
A bird tweets, a horse whinnies, and a girl speaks
Birds chirp then a girl speaks and a horse neighs"
"What is happening in the audio?","An engine rumbles in the distance","A soft wind underscores a woman laughing
Distant waters roar amid foreground jostling and a gasp
Water is gurgling in a tank
Water is gurgling in a tank
Water is gurgling in a tank"
"What is happening in the audio?","A man speaks while a vehicle moves in the background","Here comes the train and it starts to blow the horn and get close
A train horn sounds and railroad crossing ring
A train horn sounds and approaches as crossing bells ring
A horn is blown and increases in strength
A horn loudly blares"
"What is happening in the audio?","A person snoring and a woman speaking","Young female child snoring and breathing deeply
A recorded voice speaks briefly as a man snores
A man snores loudly as a recorded voice speaks in the background
A person snores as birds chirp softly in the distance
Distant faint rustling and clattering with nearby wheezing and snoring"
"What is happening in the audio?","A man is speaking and an engine is idling","Some men converse over an engine running
A motorcycle engine revs and a man speaks
A man speaks as a small engine revs
A motorcycle engine revs as a man speaks
A motorcycle engine runs and a man speaks"
"What is happening in the audio?","A clock ticking","A consistent ticking pattern
A clock ticktocks continuously
A repeated ticking
The ticktock of a clock arm repeatedly moving back and forth
A clock ticktocks"
"What is happening in the audio?","Horses galloping and people talking","Water splashes and wind noise is made into a microphone
Water splashes and wind blows as birds chirp
The wind blares loudly against some clothing and water splashes in a river
Water splashes as wind noise takes place in a microphone
Water splashes and wind blows"
"What is happening in the audio?","A vehicle accelerates loudly","A race car approaches quickly and slows down squealing tires
A mechanical buzzing getting louder
A vehicle accelerates before slowing down and squealing tires
A race car approaches quickly squealing tires
A race car accelerates quickly before decelerating and squealing tires"
"What is happening in the audio?","Steam hisses and water splashes as water pours from a faucet","A man speaks while a machine runs before a smoke alarm beeps
A man speaks, followed by an electronic beep and another man speaking
A man speaks and a smoke alarm beeps
A man speaks then makes a device beep
A man speaks followed by a two beeps and another man speaking"
"What is happening in the audio?","Wind blows hard as a vehicle passes by","A boat engine runs and wind blows while a man speaks and women scream
A boat runs and wind blows while a man speaks and women cheer
An engine buzzing with wind and brief speech
Humming of a motor with people screaming then a woman speaks as wind blows hard and water splashes
Girls scream and a man speaks as wind blows and a boat motor runs"
"What is happening in the audio?","A large engine idles and a man speaks","A person uses a saw to cut some wood
An engine rumbling followed by a mechanical buzzing
An engine revs loudly followed by some men talking and a saw cutting through metal
An engine idles continuously
An engine runs and people speak as cutting takes place"
"What is happening in the audio?","Ambience is being recorded.","Someone whistles a tune
Someone whistles a tune
A person is whistling
Someone whistles a song
A person whistling a melody"
"What is happening in the audio?","A man speaks while a car engine idles in the background","A man speaks as a car is passing by
A man speaks as a car is passing by
A man talks while vehicles pass by
A man speaks and wind blows while a car is passing by
A man speaks while wind blows and a car is passing by"
"What is happening in the audio?","Someone is laughing.","Loud intermittent buzzing with intermittent laughter
A baby laugh at a sputter
Someone makes a blowing sound and a baby laughs
A person makes a snoring noise and a baby laughs
A person blows raspberries while a baby laughs"
"What is happening in the audio?","Someone snoring softly","Someone snores nearby
Continuous snoring
A person snores
Someone is snoring while sleeping
A person is snoring while sleeping"
"What is happening in the audio?","A rooster is crowing.","Several ducks quack and cocks crow far away
Ducks quack continuously
Ducks quack lazily as other birds call out in the distance
A rooster crows and a duck quacks while people speak in the background
Cows moo and are then joined by rooster crowing and then ducks quacking"
"What is happening in the audio?","A spraying sound followed by a man speaking","A man sprays as a scraping occurs in the background
A man speaks as a scratching occurs
A man speaks over soft spraying noises
A grown man speaks over soft rubbing
An adult male speaks over continuous rubbing noise"
"What is happening in the audio?","A machine is clanking and beeping.","Dishes cling together then a man begins to speak
Metal rumbles followed by a kid giggles then more metal rumbling followed by a guy speaking
Pots and pans clash together as a child laughs
Objects continually beat onto a hard surface
Loud, rapid clanking followed by brief speech"
"What is happening in the audio?","A spray can is being sprayed","Water is sprayed across a hard surface
Someone sprays liquid onto a hard surface
Water is sprayed across a firm surface
A liquid is sprayed onto a hard surface
Someone sprays a liquid onto a hard surface"
"What is happening in the audio?","A man snoring followed by a woman speaking","A person snores loudly multiple times at a close distance
A person snores hilariously while someone laughs
A person is snoring with people laughing.
A person snores hilariously as someone laughs
Someone snores while a person laughs"
"What is happening in the audio?","An orchestra is rehearsing.","A large crowd cheers and applauds
An audience screams and gives applause
Continuous applause and cheering
An audience screams and gives applause
An audience cheers"
"What is happening in the audio?","Engine revving followed by a loud explosion","Popping and crackling repeats as men yell and laugh
A vehicle is running and crackling and popping as people laugh
People yell and laugh as a motor sputters and pops
Men screeching and shouting while a vehicle is revving and backfiring loudly
People yell and laugh as a vehicle approaches and sputters"
"What is happening in the audio?","A man speaks as water rushes by","An engine idles consistently before sputtering some
A motorcycle engine is idling
A sputtering motor idles roughly
Sputtering and clanking of an idling powerful engine
An engine is idling while people speak"
"What is happening in the audio?","People are applauding a performance.","A large crowd cheers and applauds
An audience screams and gives applause
Continuous applause and cheering
An audience screams and gives applause
An audience cheers"
"What is happening in the audio?","Loud laughter and cheering followed by a man speaking","Popping and crackling repeats as men yell and laugh
A vehicle is running and crackling and popping as people laugh
People yell and laugh as a motor sputters and pops
Men screeching and shouting while a vehicle is revving and backfiring loudly
People yell and laugh as a vehicle approaches and sputters"
"What is happening in the audio?","Wind blows into a microphone and an engine revves","An engine idles consistently before sputtering some
A motorcycle engine is idling
A sputtering motor idles roughly
Sputtering and clanking of an idling powerful engine
An engine is idling while people speak"
"What is happening in the audio?","Birds chirp and a dog barks","A toilet flushes quickly
A toilet flushes loudly and water runs down through the toilet and then gurgles at the bottom
A toilet flushes and water drains
A loud rumble followed by a toilet flushing
A toilet flushes and water drains"
"What is happening in the audio?","People are talking and a bus engine idles","Distant men speak as a spray can nozzle is depressed
While a man talks in the distance, a sprayer sprays multiple times
Intermittent spraying is accompanied by men speaking
A spray hisses followed by a man speaking and low rumbling in the background
A person sprays liquid onto a hard surface as a man speaks and vehicles pass by"
"What is happening in the audio?","Bees buzzing and a man speaks","A man speaks as crickets sing
A man speaks as crickets sing
A man speaks as crickets sing
A man speaks as crickets sing
Insects chirp and men speak"
"What is happening in the audio?","People are speaking","Several insects fly while two men talk
Insects buzz and men speak
Many insects are buzzing as a man are speaking
Insects buzz as men speak
Insects buzz around and men talk"
"What is happening in the audio?","An adult male speaks while a power tool runs","A man talks followed by a woman shouting
A man speaks as water overflows making a hiss noise and a woman yells
A man speaks then a woman yells
A man speaks then a woman panics
An adult man speaks and a woman exclaims nervously"
"What is happening in the audio?","An emergency vehicle siren sounds and a horn blows","A motor vehicle roars, drowning out people speaking in the background
Water rushes and then a vehicle zooms past
Water rushes by followed by a motorcycle zooming by in the distance
A motor vehicle accelerate
A vehicle with a diesel engine accelerates"
"What is happening in the audio?","Someone is saying ""I'm a little boy"".","A motor runs and stops, and animals squawk and croak
Submachine gun fire along with creature sound effects that continues after gunfire stops
Gunshots fire as a frog croaks
A motor sputters, animals croak, and a person exclaims
A motor runs choppily, followed by an animal croaking, and a person exclaiming"
"What is happening in the audio?","People are talking followed by a horse neighing","Birds chirp in the background while a horse neighs followed by a girl speaking
A young woman speaks and then a horse neighs in the background
A horse neighs and a girl talks
A bird tweets, a horse whinnies, and a girl speaks
Birds chirp then a girl speaks and a horse neighs"
"What is happening in the audio?","Cars passing by on a road","A soft wind underscores a woman laughing
Distant waters roar amid foreground jostling and a gasp
Water is gurgling in a tank
Water is gurgling in a tank
Water is gurgling in a tank"
"What is happening in the audio?","An adult male speaks and a vehicle engine runs","Here comes the train and it starts to blow the horn and get close
A train horn sounds and railroad crossing ring
A train horn sounds and approaches as crossing bells ring
A horn is blown and increases in strength
A horn loudly blares"
"What is happening in the audio?","Someone speaks while a child laughs","Young female child snoring and breathing deeply
A recorded voice speaks briefly as a man snores
A man snores loudly as a recorded voice speaks in the background
A person snores as birds chirp softly in the distance
Distant faint rustling and clattering with nearby wheezing and snoring"
"What is happening in the audio?","An engine running and a man speaking","Some men converse over an engine running
A motorcycle engine revs and a man speaks
A man speaks as a small engine revs
A motorcycle engine revs as a man speaks
A motorcycle engine runs and a man speaks"
"What is happening in the audio?","Ticktock of a clock","A consistent ticking pattern
A clock ticktocks continuously
A repeated ticking
The ticktock of a clock arm repeatedly moving back and forth
A clock ticktocks"
"What is happening in the audio?","Wind blows hard and a woman speaks","Water splashes and wind noise is made into a microphone
Water splashes and wind blows as birds chirp
The wind blares loudly against some clothing and water splashes in a river
Water splashes as wind noise takes place in a microphone
Water splashes and wind blows"
"What is happening in the audio?","A car engine revving loudly","A race car approaches quickly and slows down squealing tires
A mechanical buzzing getting louder
A vehicle accelerates before slowing down and squealing tires
A race car approaches quickly squealing tires
A race car accelerates quickly before decelerating and squealing tires"
"What is happening in the audio?","Water splashes and a man speaks","A man speaks while a machine runs before a smoke alarm beeps
A man speaks, followed by an electronic beep and another man speaking
A man speaks and a smoke alarm beeps
A man speaks then makes a device beep
A man speaks followed by a two beeps and another man speaking"
"What is happening in the audio?","Hooves are clomping on a dirt road and wind blows","A boat engine runs and wind blows while a man speaks and women scream
A boat runs and wind blows while a man speaks and women cheer
An engine buzzing with wind and brief speech
Humming of a motor with people screaming then a woman speaks as wind blows hard and water splashes
Girls scream and a man speaks as wind blows and a boat motor runs"
"What is happening in the audio?","An engine running and a man speaking","A person uses a saw to cut some wood
An engine rumbling followed by a mechanical buzzing
An engine revs loudly followed by some men talking and a saw cutting through metal
An engine idles continuously
An engine runs and people speak as cutting takes place"
"What is happening in the audio?","Birds chirping and a horn blowing","Someone whistles a tune
Someone whistles a tune
A person is whistling
Someone whistles a song
A person whistling a melody"
"What is happening in the audio?","Steam hissing and spraying","A man speaks as a car is passing by
A man speaks as a car is passing by
A man talks while vehicles pass by
A man speaks and wind blows while a car is passing by
A man speaks while wind blows and a car is passing by"
"What is happening in the audio?","Someone laughs and a baby cries","Loud intermittent buzzing with intermittent laughter
A baby laugh at a sputter
Someone makes a blowing sound and a baby laughs
A person makes a snoring noise and a baby laughs
A person blows raspberries while a baby laughs"
"What is happening in the audio?","Someone snoring","Someone snores nearby
Continuous snoring
A person snores
Someone is snoring while sleeping
A person is snoring while sleeping"
"What is happening in the audio?","Roosters are crowing.","Several ducks quack and cocks crow far away
Ducks quack continuously
Ducks quack lazily as other birds call out in the distance
A rooster crows and a duck quacks while people speak in the background
Cows moo and are then joined by rooster crowing and then ducks quacking"
"What is happening in the audio?","Spraying of a can","A man sprays as a scraping occurs in the background
A man speaks as a scratching occurs
A man speaks over soft spraying noises
A grown man speaks over soft rubbing
An adult male speaks over continuous rubbing noise"
"What is happening in the audio?","People are talking and laughing","Dishes cling together then a man begins to speak
Metal rumbles followed by a kid giggles then more metal rumbling followed by a guy speaking
Pots and pans clash together as a child laughs
Objects continually beat onto a hard surface
Loud, rapid clanking followed by brief speech"
"What is happening in the audio?","Air spraying as a machine runs","Water is sprayed across a hard surface
Someone sprays liquid onto a hard surface
Water is sprayed across a firm surface
A liquid is sprayed onto a hard surface
Someone sprays a liquid onto a hard surface"
"What is happening in the audio?","Someone snoring","A person snores loudly multiple times at a close distance
A person snores hilariously while someone laughs
A person is snoring with people laughing.
A person snores hilariously as someone laughs
Someone snores while a person laughs"
"What is happening in the audio?","A dog whimpers and then barks","A dog barks and whimpers
Small dogs growl, bark and yip.
Whippering and grunting from a group of young pups
A dog whimpers and barks
Dogs bark and whimper"
"What is happening in the audio?","Several people are talking and laughing while a vehicle drives by","A woman speaks in a fast tone with a male
People speak in a closed space
Multiple people speak
Multiple people speak as vehicle horns blow
Multiple people speak as vehicle horns blow"
"What is happening in the audio?","The person speaks and then a man laughs","A bird chirps followed by a door bell ringing that causes a woman to gasp and the music plays
Birds chirp then a doorbell rings and a woman sighs when a doorbell rings
A bird chirp followed by a door bell that leads to a woman gasping and then some music plays
Birds chirp followed by some dings, a woman gasping, and some music
A bell chimes quietly while a bird chirps and a woman gasps as ominous music plays"
"What is happening in the audio?","Bells ringing loudly","A church bell rings several times
A bell rings out loudly
A bell rings out loudly
A large bell rings
A large bell rings and echoes"
"What is happening in the audio?","An adult male speaks and a power tool runs","Loud clanking and banging with brief male speech
A machine clanks and thumps and a male speaks
A machine runs haltingly and then an adult male talks
A sewing machine runs slowly then a man speaks
Humming and vibrations of a small machine with a man speaking"
"What is happening in the audio?","People speaking and a remix of sounds","Water quietly rushes by while birds chirp in the background
Wind blows and a stream of water flows nearby
A door slides shut, wind blows, and birds chirp
A door slides shut amid light wind and chirping birds
Wind gusts near a stream as birds chirp"
"What is happening in the audio?","Motorcycles are racing and people speak","Vehicle engines race around a track as a man commentates
Vehicle engines accelerate as a man commentates on an intercom
Several cars move nearby while people talk
Motorcycles pass by as a man speaks into a loudspeaker
Motors sputter over an indistinct conversation"
"What is happening in the audio?","Food frying and a woman talking","Food is moved around in a dish before a woman speaks
Something rustling followed by a woman speaks and dishes move
Food is moved around in a dish then a woman speaks
Someone moves food around in dishes and speaks
Some rustling and a woman speaks"
"What is happening in the audio?","Large truck engine idling","A small engine spits as it runs
A diesel truck engine runs continuously
A diesel truck engine idles outside
An engine runs loudly
A diesel truck engine runs steadily"
"What is happening in the audio?","Music playing followed by a man speaking","A man speaks as water trickles down a stream
A man speaks while water trickles and flows
A man talks nearby and another man talks far away while some liquid flows
Water trickles down as men speak
Some men converse while water bubbles in the background"
"What is happening in the audio?","A woman speaks and a sewing machine works","People speak and laugh as a child speaks
Several people talk and laugh followed by someone coughing
Some kids speak followed by coughing and then more speaking
Several people talk and laugh and a boy caught deeply
People speak and children laugh"
"What is happening in the audio?","Someone whistles and then starts to sing","A person is whistling a tune
A person is whistling
A person is whistling a tune
Someone whistles a tune very smoothly
A meandering tune is whistled"
"What is happening in the audio?","Man speaking and machine running","A vehicle accelerates squealing tires
Engines run and fade into the distance
A vehicle accelerates squealing tires
A vehicle accelerates and squeals tires
Humming of a powerful passing engine speeding by"
"What is happening in the audio?","A young girl speaking followed by a man laughing","Water splashes and a door squeaks
A toilet door squeaks as it is opened
Water drips and a door squeaks
Dripping water with toilet flush and squeak
A toilet flushes and water drains"
"What is happening in the audio?","People speak and a horse neighs","A horse runs while two women talk
A woman yells and speaks as birds chirp in the distance.
A camera rustles around as birds chirp and women speak
A tapping occurs and a girl speaks
A woman yells and fidgets over insect noises"
"What is happening in the audio?","Animals chirp and a train passes by","A steam engine runs and whistles as it passes by
A whistle blows as a train chugs by
A train chugs nearby while blowing a horn
A train chugs along as its steam whistle screeches loudly and it moves on the track
A steam train moves along a set of tracks and blows a horn"
"What is happening in the audio?","An unidentifiable hum followed by a soft whoosh","A muffled toilet flushes and the water drains
A toilet flushes and water drains
A toilet flushes and water drains
A toilet flushes once
A toilet flushes and water drains"
"What is happening in the audio?","Two men talking","Banging metal, then crinkling paper, followed by a woman mumbling and a man grunting
Someone shuffles around objects and sighs
A door opens and plastic is crumpled
A clang followed by some plastic rustling
Paper rustles as objects bang and clatter"
"What is happening in the audio?","An aircraft engine idles","An engine increases in power as it runs
An aircraft making a sustained, high-pitched engine noise
An engine buzzing consistently
A high pitched engine runs
An aircraft engine runs"
"What is happening in the audio?","Rain falling and a man speaking","A man speaks as a vehicle engine idles
A man speaks as a vehicle engine idles
A man speaks with a low rumble in the background
Two adult men speak over an engine running
An adult male speaks over low engine noise"
"What is happening in the audio?","It practa pill p u P al at 4003, it s a s b","A large crowd cheers and applauds
An audience screams and gives applause
Continuous applause and cheering
An audience screams and gives applause
An audience cheers"
"What is happening in the audio?","ign//is ch,- eg of andad,, cavare, to","Popping and crackling repeats as men yell and laugh
A vehicle is running and crackling and popping as people laugh
People yell and laugh as a motor sputters and pops
Men screeching and shouting while a vehicle is revving and backfiring loudly
People yell and laugh as a vehicle approaches and sputters"
"What is happening in the audio?","The image shows a person holding an object, which appears to be a cell phone. It","An engine idles consistently before sputtering some
A motorcycle engine is idling
A sputtering motor idles roughly
Sputtering and clanking of an idling powerful engine
An engine is idling while people speak"
"What is happening in the audio?","In the image, there are two people talking to each other. One person appears to be a woman","A toilet flushes quickly
A toilet flushes loudly and water runs down through the toilet and then gurgles at the bottom
A toilet flushes and water drains
A loud rumble followed by a toilet flushing
A toilet flushes and water drains"
"What is happening in the audio?","pq_per was not using p unique Q an being a p suchageap-ch","Distant men speak as a spray can nozzle is depressed
While a man talks in the distance, a sprayer sprays multiple times
Intermittent spraying is accompanied by men speaking
A spray hisses followed by a man speaking and low rumbling in the background
A person sprays liquid onto a hard surface as a man speaks and vehicles pass by"
"What is happening in the audio?","The audio is a recording of someone speaking about their experience with psychedelics. and","A man speaks as crickets sing
A man speaks as crickets sing
A man speaks as crickets sing
A man speaks as crickets sing
Insects chirp and men speak"
"What is happening in the audio?","We, to *W CPipebboxate, enter prefer to this.","Several insects fly while two men talk
Insects buzz and men speak
Many insects are buzzing as a man are speaking
Insects buzz as men speak
Insects buzz around and men talk"
"What is happening in the audio?","ars and, metud to be a a rest bill in in at good at in relation met","A man talks followed by a woman shouting
A man speaks as water overflows making a hiss noise and a woman yells
A man speaks then a woman yells
A man speaks then a woman panics
An adult man speaks and a woman exclaims nervously"
"What is happening in the audio?","The sound of a car engine, or possibly an airplane engine. It's difficult to determine","A motor vehicle roars, drowning out people speaking in the background
Water rushes and then a vehicle zooms past
Water rushes by followed by a motorcycle zooming by in the distance
A motor vehicle accelerate
A vehicle with a diesel engine accelerates"
"What is happening in the audio?","It_H du! (Keat 2-3 n, Next!) and a shost","A motor runs and stops, and animals squawk and croak
Submachine gun fire along with creature sound effects that continues after gunfire stops
Gunshots fire as a frog croaks
A motor sputters, animals croak, and a person exclaims
A motor runs choppily, followed by an animal croaking, and a person exclaiming"
"What is happening in the audio?","In this question, I am asking for assistance. As a language model, I can help you by","Birds chirp in the background while a horse neighs followed by a girl speaking
A young woman speaks and then a horse neighs in the background
A horse neighs and a girl talks
A bird tweets, a horse whinnies, and a girl speaks
Birds chirp then a girl speaks and a horse neighs"
"What is happening in the audio?","The speaker's voiceovers are very clear, and they sound like a person. They have","A soft wind underscores a woman laughing
Distant waters roar amid foreground jostling and a gasp
Water is gurgling in a tank
Water is gurgling in a tank
Water is gurgling in a tank"
"What is happening in the audio?","(no 10, 4.6, (theain fodib","Here comes the train and it starts to blow the horn and get close
A train horn sounds and railroad crossing ring
A train horn sounds and approaches as crossing bells ring
A horn is blown and increases in strength
A horn loudly blares"
"What is happening in the audio?","... as and (, - or a as j. (... to see to on to 'to","Young female child snoring and breathing deeply
A recorded voice speaks briefly as a man snores
A man snores loudly as a recorded voice speaks in the background
A person snores as birds chirp softly in the distance
Distant faint rustling and clattering with nearby wheezing and snoring"
"What is happening in the audio?","ib's rated for a but.osexgramconsraouttsavingacharm","Some men converse over an engine running
A motorcycle engine revs and a man speaks
A man speaks as a small engine revs
A motorcycle engine revs as a man speaks
A motorcycle engine runs and a man speaks"
"What is happening in the audio?","Answer 1 (for so[3!!]): One of One L. L","A consistent ticking pattern
A clock ticktocks continuously
A repeated ticking
The ticktock of a clock arm repeatedly moving back and forth
A clock ticktocks"
"What is happening in the audio?","Deckheldrover,I answer allusionelifeachair.laugurbon","Water splashes and wind noise is made into a microphone
Water splashes and wind blows as birds chirp
The wind blares loudly against some clothing and water splashes in a river
Water splashes as wind noise takes place in a microphone
Water splashes and wind blows"
"What is happening in the audio?","Thereamy, Ereamy...is a unique way ofbecoming...their...","A race car approaches quickly and slows down squealing tires
A mechanical buzzing getting louder
A vehicle accelerates before slowing down and squealing tires
A race car approaches quickly squealing tires
A race car accelerates quickly before decelerating and squealing tires"
"What is happening in the audio?",",. on fu. it.'. it it it . it in for and had","A man speaks while a machine runs before a smoke alarm beeps
A man speaks, followed by an electronic beep and another man speaking
A man speaks and a smoke alarm beeps
A man speaks then makes a device beep
A man speaks followed by a two beeps and another man speaking"
"What is happening in the audio?","I'm sorry, but you have not provided enough context for me to answer your question. Please","A boat engine runs and wind blows while a man speaks and women scream
A boat runs and wind blows while a man speaks and women cheer
An engine buzzing with wind and brief speech
Humming of a motor with people screaming then a woman speaks as wind blows hard and water splashes
Girls scream and a man speaks as wind blows and a boat motor runs"
"What is happening in the audio?","The audio features a conversation between two people, likely discussing or sharing their thoughts on various topics.","A person uses a saw to cut some wood
An engine rumbling followed by a mechanical buzzing
An engine revs loudly followed by some men talking and a saw cutting through metal
An engine idles continuously
An engine runs and people speak as cutting takes place"
"What is happening in the audio?","In this question get along with the a reality. SoYou","Someone whistles a tune
Someone whistles a tune
A person is whistling
Someone whistles a song
A person whistling a melody"
"What is happening in the audio?","ese read have on orthisoser non there eresererersongeno has back","A man speaks as a car is passing by
A man speaks as a car is passing by
A man talks while vehicles pass by
A man speaks and wind blows while a car is passing by
A man speaks while wind blows and a car is passing by"
"What is happening in the audio?",". -p it ste In p 1!ity (izamInes de Miz","Loud intermittent buzzing with intermittent laughter
A baby laugh at a sputter
Someone makes a blowing sound and a baby laughs
A person makes a snoring noise and a baby laughs
A person blows raspberries while a baby laughs"
"What is happening in the audio?","Itthis and,ity are atyour - like someone have-it-elf or 'and-","Someone snores nearby
Continuous snoring
A person snores
Someone is snoring while sleeping
A person is snoring while sleeping"
"What is happening in the audio?","The My for 1 v Im on De Dila 2/ a Sun- the To r","Several ducks quack and cocks crow far away
Ducks quack continuously
Ducks quack lazily as other birds call out in the distance
A rooster crows and a duck quacks while people speak in the background
Cows moo and are then joined by rooster crowing and then ducks quacking"
"What is happening in the audio?","The speaker's voice and speech are playing a role-playing game. which shows that you","A man sprays as a scraping occurs in the background
A man speaks as a scratching occurs
A man speaks over soft spraying noises
A grown man speaks over soft rubbing
An adult male speaks over continuous rubbing noise"
"What is happening in the audio?","The audio clip appears to be a recording of an event or situation where someone is speaking,","Dishes cling together then a man begins to speak
Metal rumbles followed by a kid giggles then more metal rumbling followed by a guy speaking
Pots and pans clash together as a child laughs
Objects continually beat onto a hard surface
Loud, rapid clanking followed by brief speech"
"What is happening in the audio?","In the audio, there are all-calls being made to a number that has been red-","Water is sprayed across a hard surface
Someone sprays liquid onto a hard surface
Water is sprayed across a firm surface
A liquid is sprayed onto a hard surface
Someone sprays a liquid onto a hard surface"
"What is happening in the audio?","you 'cos of, had, in estimates,, and, of a, onr,ie","A person snores loudly multiple times at a close distance
A person snores hilariously while someone laughs
A person is snoring with people laughing.
A person snores hilariously as someone laughs
Someone snores while a person laughs"
"What is happening in the audio?","I' a or your ch ch an un an un t top wi ite rre g","A dog barks and whimpers
Small dogs growl, bark and yip.
Whippering and grunting from a group of young pups
A dog whimpers and barks
Dogs bark and whimper"
"What is happening in the audio?","There_ en_ it_ public a_ a_ c-al you_ t Al_ b","A woman speaks in a fast tone with a male
People speak in a closed space
Multiple people speak
Multiple people speak as vehicle horns blow
Multiple people speak as vehicle horns blow"
"What is happening in the audio?","I have an issue with my al or large public space. and that's what it had in","A bird chirps followed by a door bell ringing that causes a woman to gasp and the music plays
Birds chirp then a doorbell rings and a woman sighs when a doorbell rings
A bird chirp followed by a door bell that leads to a woman gasping and then some music plays
Birds chirp followed by some dings, a woman gasping, and some music
A bell chimes quietly while a bird chirps and a woman gasps as ominous music plays"
"What is happening in the audio?","Discovering a new first-person realityOnealnightad aloofiandfiner","A church bell rings several times
A bell rings out loudly
A bell rings out loudly
A large bell rings
A large bell rings and echoes"
"What is happening in the audio?","The most simple and also a very effective way, it has... AThe read here presentthe","Loud clanking and banging with brief male speech
A machine clanks and thumps and a male speaks
A machine runs haltingly and then an adult male talks
A sewing machine runs slowly then a man speaks
Humming and vibrations of a small machine with a man speaking"
"What is happening in the audio?","The up and there, you'll see a few of them here. Point it had to","Water quietly rushes by while birds chirp in the background
Wind blows and a stream of water flows nearby
A door slides shut, wind blows, and birds chirp
A door slides shut amid light wind and chirping birds
Wind gusts near a stream as birds chirp"
"What is happening in the audio?","The image shows a man standing on top of an elephant, and there are two men talking","Vehicle engines race around a track as a man commentates
Vehicle engines accelerate as a man commentates on an intercom
Several cars move nearby while people talk
Motorcycles pass by as a man speaks into a loudspeaker
Motors sputter over an indistinct conversation"
"What is happening in the audio?","to general a sper early just core base outward( an w for situations news it unum","Food is moved around in a dish before a woman speaks
Something rustling followed by a woman speaks and dishes move
Food is moved around in a dish then a woman speaks
Someone moves food around in dishes and speaks
Some rustling and a woman speaks"
"What is happening in the audio?","The image shows a person standing next to an open refrigerator, with no one else visible","A small engine spits as it runs
A diesel truck engine runs continuously
A diesel truck engine idles outside
An engine runs loudly
A diesel truck engine runs steadily"
"What is happening in the audio?","The-ar ap for erone at the a or att the the or on the the","A man speaks as water trickles down a stream
A man speaks while water trickles and flows
A man talks nearby and another man talks far away while some liquid flows
Water trickles down as men speak
Some men converse while water bubbles in the background"
"What is happening in the audio?","ar ex toje avake at- for aate- midoverinange onory ose","People speak and laugh as a child speaks
Several people talk and laugh followed by someone coughing
Some kids speak followed by coughing and then more speaking
Several people talk and laugh and a boy caught deeply
People speak and children laugh"
"What is happening in the audio?","0 3xens heo, awe ander thie, many of the","A person is whistling a tune
A person is whistling
A person is whistling a tune
Someone whistles a tune very smoothly
A meandering tune is whistled"
"What is happening in the audio?","atev GREATIVE DEI) and DVFTASOM SBO HIS NO","A vehicle accelerates squealing tires
Engines run and fade into the distance
A vehicle accelerates squealing tires
A vehicle accelerates and squeals tires
Humming of a powerful passing engine speeding by"
"What is happening in the audio?","@Thebelebezulsi I'ni (D) for earlyse @","Water splashes and a door squeaks
A toilet door squeaks as it is opened
Water drips and a door squeaks
Dripping water with toilet flush and squeak
A toilet flushes and water drains"
"What is happening in the audio?","and, as a framework for mobile oral care weathier on them, had to her,","A horse runs while two women talk
A woman yells and speaks as birds chirp in the distance.
A camera rustles around as birds chirp and women speak
A tapping occurs and a girl speaks
A woman yells and fidgets over insect noises"
"What is happening in the audio?","I can', Em under at a to L of there but it at on at of at of","A steam engine runs and whistles as it passes by
A whistle blows as a train chugs by
A train chugs nearby while blowing a horn
A train chugs along as its steam whistle screeches loudly and it moves on the track
A steam train moves along a set of tracks and blows a horn"
"What is happening in the audio?","I have been playing around with different types of videos and but it seems like a good way to get","A muffled toilet flushes and the water drains
A toilet flushes and water drains
A toilet flushes and water drains
A toilet flushes once
A toilet flushes and water drains"
"What is happening in the audio?","le, to saveit. and (be) andivorceinjaseedist","Banging metal, then crinkling paper, followed by a woman mumbling and a man grunting
Someone shuffles around objects and sighs
A door opens and plastic is crumpled
A clang followed by some plastic rustling
Paper rustles as objects bang and clatter"
"What is happening in the audio?","In the audio, a woman's voice can be heard talking about her experience of being an exchange","An engine increases in power as it runs
An aircraft making a sustained, high-pitched engine noise
An engine buzzing consistently
A high pitched engine runs
An aircraft engine runs"
"What is happening in the audio?","or_ and an an for n for a sh, outcount on_view part Viewi al","A man speaks as a vehicle engine idles
A man speaks as a vehicle engine idles
A man speaks with a low rumble in the background
Two adult men speak over an engine running
An adult male speaks over low engine noise"
"What is happening in the audio?","The audio is a recording of people talking, likely discussing topics related to education and learning. It","A large crowd cheers and applauds
An audience screams and gives applause
Continuous applause and cheering
An audience screams and gives applause
An audience cheers"
"What is happening in the audio?","The image features a man standing on top of an elephant, which suggests that this could be","Popping and crackling repeats as men yell and laugh
A vehicle is running and crackling and popping as people laugh
People yell and laugh as a motor sputters and pops
Men screeching and shouting while a vehicle is revving and backfiring loudly
People yell and laugh as a vehicle approaches and sputters"
"What is happening in the audio?","I am an artificial intelligence and cannot provide a personal experience. but i can tell you that it is","An engine idles consistently before sputtering some
A motorcycle engine is idling
A sputtering motor idles roughly
Sputtering and clanking of an idling powerful engine
An engine is idling while people speak"
"What is happening in the audio?","I am a text-based chatbot, so you can ask me anything. I would","A toilet flushes quickly
A toilet flushes loudly and water runs down through the toilet and then gurgles at the bottom
A toilet flushes and water drains
A loud rumble followed by a toilet flushing
A toilet flushes and water drains"
"What is happening in the audio?","The image shows a person sitting on a chair, and there are no other people around. There were","Distant men speak as a spray can nozzle is depressed
While a man talks in the distance, a sprayer sprays multiple times
Intermittent spraying is accompanied by men speaking
A spray hisses followed by a man speaking and low rumbling in the background
A person sprays liquid onto a hard surface as a man speaks and vehicles pass by"
"What is happening in the audio?","Too many people are asking for help. I have a question to ask, and it'","A man speaks as crickets sing
A man speaks as crickets sing
A man speaks as crickets sing
A man speaks as crickets sing
Insects chirp and men speak"
"What is happening in the audio?","I'm sorry, but it seems that your question either meant to be at a specific moment.","Several insects fly while two men talk
Insects buzz and men speak
Many insects are buzzing as a man are speaking
Insects buzz as men speak
Insects buzz around and men talk"
"What is happening in the audio?","The audio is a recording of an interview with a former spokso. featuring a discussion about consp","A man talks followed by a woman shouting
A man speaks as water overflows making a hiss noise and a woman yells
A man speaks then a woman yells
A man speaks then a woman panics
An adult man speaks and a woman exclaims nervously"
"What is happening in the audio?","I'm sorry, but you will have to provide more context and information about what you are referring","A motor vehicle roars, drowning out people speaking in the background
Water rushes and then a vehicle zooms past
Water rushes by followed by a motorcycle zooming by in the distance
A motor vehicle accelerate
A vehicle with a diesel engine accelerates"
"What is happening in the audio?","The image shows a picture of an audio waveform, which represents the sound of someone speaking.","A motor runs and stops, and animals squawk and croak
Submachine gun fire along with creature sound effects that continues after gunfire stops
Gunshots fire as a frog croaks
A motor sputters, animals croak, and a person exclaims
A motor runs choppily, followed by an animal croaking, and a person exclaiming"
"What is happening in the audio?","I am a text-based CAPS COMPLETE and to me what's going on","Birds chirp in the background while a horse neighs followed by a girl speaking
A young woman speaks and then a horse neighs in the background
A horse neighs and a girl talks
A bird tweets, a horse whinnies, and a girl speaks
Birds chirp then a girl speaks and a horse neighs"
"What is happening in the audio?","The audio was of a conversation between two people, with one person being a woman and the other man","A soft wind underscores a woman laughing
Distant waters roar amid foreground jostling and a gasp
Water is gurgling in a tank
Water is gurgling in a tank
Water is gurgling in a tank"
"What is happening in the audio?","I'm sorry, but without more context or information, it would be difficult for me to provide","Here comes the train and it starts to blow the horn and get close
A train horn sounds and railroad crossing ring
A train horn sounds and approaches as crossing bells ring
A horn is blown and increases in strength
A horn loudly blares"
"What is happening in the audio?","The audio clip features a man speaking. but it's not clear who he is or what his","Young female child snoring and breathing deeply
A recorded voice speaks briefly as a man snores
A man snores loudly as a recorded voice speaks in the background
A person snores as birds chirp softly in the distance
Distant faint rustling and clattering with nearby wheezing and snoring"
"What is happening in the audio?","The image shows a person holding an object, which appears to be a smartphone. It seems that","Some men converse over an engine running
A motorcycle engine revs and a man speaks
A man speaks as a small engine revs
A motorcycle engine revs as a man speaks
A motorcycle engine runs and a man speaks"
"What is happening in the audio?","The music of a song. specifically, it's lyrics and melody. Answer","A consistent ticking pattern
A clock ticktocks continuously
A repeated ticking
The ticktock of a clock arm repeatedly moving back and forth
A clock ticktocks"
"What is happening in the audio?","The text says ""I'M ON THE COUNTERPLETMENTS DID NOT S","Water splashes and wind noise is made into a microphone
Water splashes and wind blows as birds chirp
The wind blares loudly against some clothing and water splashes in a river
Water splashes as wind noise takes place in a microphone
Water splashes and wind blows"
"What is happening in the audio?","I'm sorry, but your question does not provide any information about what you are looking for.","A race car approaches quickly and slows down squealing tires
A mechanical buzzing getting louder
A vehicle accelerates before slowing down and squealing tires
A race car approaches quickly squealing tires
A race car accelerates quickly before decelerating and squealing tires"
"What is happening in the audio?","The answer to question. ""What is it?"" and ""What's using what a lot an","A man speaks while a machine runs before a smoke alarm beeps
A man speaks, followed by an electronic beep and another man speaking
A man speaks and a smoke alarm beeps
A man speaks then makes a device beep
A man speaks followed by a two beeps and another man speaking"
"What is happening in the audio?","The audio is a part of an ongoing process. It's not just me, but it","A boat engine runs and wind blows while a man speaks and women scream
A boat runs and wind blows while a man speaks and women cheer
An engine buzzing with wind and brief speech
Humming of a motor with people screaming then a woman speaks as wind blows hard and water splashes
Girls scream and a man speaks as wind blows and a boat motor runs"
"What is happening in the audio?","Can't tell without knowing what you are listening to. Question next to us, ""","A person uses a saw to cut some wood
An engine rumbling followed by a mechanical buzzing
An engine revs loudly followed by some men talking and a saw cutting through metal
An engine idles continuously
An engine runs and people speak as cutting takes place"
"What is happening in the audio?","Anything Goes with Vorgis, 1060 WFSB-AM","Someone whistles a tune
Someone whistles a tune
A person is whistling
Someone whistles a song
A person whistling a melody"
"What is happening in the audio?","The image shows a person riding on top of an elephant. It's likely that","A man speaks as a car is passing by
A man speaks as a car is passing by
A man talks while vehicles pass by
A man speaks and wind blows while a car is passing by
A man speaks while wind blows and a car is passing by"
"What is happening in the audio?","I'm sorry, but I cannot provide a response to your question as it doesn't involve","Loud intermittent buzzing with intermittent laughter
A baby laugh at a sputter
Someone makes a blowing sound and a baby laughs
A person makes a snoring noise and a baby laughs
A person blows raspberries while a baby laughs"
"What is happening in the audio?","My apologies, I am an AI and cannot provide you with a real-time information.","Someone snores nearby
Continuous snoring
A person snores
Someone is snoring while sleeping
A person is snoring while sleeping"
"What is happening in the audio?","I'm sorry, but you have not provided any information. Please provide some context or a question","Several ducks quack and cocks crow far away
Ducks quack continuously
Ducks quack lazily as other birds call out in the distance
A rooster crows and a duck quacks while people speak in the background
Cows moo and are then joined by rooster crowing and then ducks quacking"
"What is happening in the audio?","The image shows a timeline of different events, including the start and end dates. This suggests that","A man sprays as a scraping occurs in the background
A man speaks as a scratching occurs
A man speaks over soft spraying noises
A grown man speaks over soft rubbing
An adult male speaks over continuous rubbing noise"
"What is happening in the audio?","The image depicts a man standing on a surfboard. He appears to be riding","Dishes cling together then a man begins to speak
Metal rumbles followed by a kid giggles then more metal rumbling followed by a guy speaking
Pots and pans clash together as a child laughs
Objects continually beat onto a hard surface
Loud, rapid clanking followed by brief speech"
"What is happening in the audio?","The audio is playing at a certain point. so it's likely that the code has reached its","Water is sprayed across a hard surface
Someone sprays liquid onto a hard surface
Water is sprayed across a firm surface
A liquid is sprayed onto a hard surface
Someone sprays a liquid onto a hard surface"
"What is happening in the audio?","The audio is a recording of people talking. It's likely that they are discussing something related","A person snores loudly multiple times at a close distance
A person snores hilariously while someone laughs
A person is snoring with people laughing.
A person snores hilariously as someone laughs
Someone snores while a person laughs"
"What is happening in the audio?","I'm sorry, but it seems that you are referring to a specific event or situation. Can","A dog barks and whimpers
Small dogs growl, bark and yip.
Whippering and grunting from a group of young pups
A dog whimpers and barks
Dogs bark and whimper"
"What is happening in the audio?","The car was driving down a street. It's not possible to determine anything about the specific event","A woman speaks in a fast tone with a male
People speak in a closed space
Multiple people speak
Multiple people speak as vehicle horns blow
Multiple people speak as vehicle horns blow"
"What is happening in the audio?","Home audio: 0 (no) The answer: No In","A bird chirps followed by a door bell ringing that causes a woman to gasp and the music plays
Birds chirp then a doorbell rings and a woman sighs when a doorbell rings
A bird chirp followed by a door bell that leads to a woman gasping and then some music plays
Birds chirp followed by some dings, a woman gasping, and some music
A bell chimes quietly while a bird chirps and a woman gasps as ominous music plays"
"What is happening in the audio?","The answer provided by the system, which was a joke or statement made as a result of the","A church bell rings several times
A bell rings out loudly
A bell rings out loudly
A large bell rings
A large bell rings and echoes"
"What is happening in the audio?","The image shows a person rushing to work, likely at Wall Street. This suggests that they are","Loud clanking and banging with brief male speech
A machine clanks and thumps and a male speaks
A machine runs haltingly and then an adult male talks
A sewing machine runs slowly then a man speaks
Humming and vibrations of a small machine with a man speaking"
"What is happening in the audio?","The image shows a man standing on a street corner, and there are two more people nearby","Water quietly rushes by while birds chirp in the background
Wind blows and a stream of water flows nearby
A door slides shut, wind blows, and birds chirp
A door slides shut amid light wind and chirping birds
Wind gusts near a stream as birds chirp"
"What is happening in the audio?","I'm sorry, but I cannot provide a specific answer as there are no context or information about","Vehicle engines race around a track as a man commentates
Vehicle engines accelerate as a man commentates on an intercom
Several cars move nearby while people talk
Motorcycles pass by as a man speaks into a loudspeaker
Motors sputter over an indistinct conversation"
"What is happening in the audio?","You are listening to a song that you like, and it's playing on your phone.","Food is moved around in a dish before a woman speaks
Something rustling followed by a woman speaks and dishes move
Food is moved around in a dish then a woman speaks
Someone moves food around in dishes and speaks
Some rustling and a woman speaks"
"What is happening in the audio?","I'm sorry, but it seems like you don't understand what happened. Can you please","A small engine spits as it runs
A diesel truck engine runs continuously
A diesel truck engine idles outside
An engine runs loudly
A diesel truck engine runs steadily"
"What is happening in the audio?","I'm sorry, but you will have to provide more context for me to answer your question.","A man speaks as water trickles down a stream
A man speaks while water trickles and flows
A man talks nearby and another man talks far away while some liquid flows
Water trickles down as men speak
Some men converse while water bubbles in the background"
"What is happening in the audio?","The speaker is speaking about a topic related to the number 16. (No name","People speak and laugh as a child speaks
Several people talk and laugh followed by someone coughing
Some kids speak followed by coughing and then more speaking
Several people talk and laugh and a boy caught deeply
People speak and children laugh"
"What is happening in the audio?","To clarify, I'm talking about an audio clip of a person speaking. The question is whether","A person is whistling a tune
A person is whistling
A person is whistling a tune
Someone whistles a tune very smoothly
A meandering tune is whistled"
"What is happening in the audio?","The user has just pressed a key, which may be an input from the keyboard. This could indicate","A vehicle accelerates squealing tires
Engines run and fade into the distance
A vehicle accelerates squealing tires
A vehicle accelerates and squeals tires
Humming of a powerful passing engine speeding by"
"What is happening in the audio?","The conversation between two people, possibly a man and a woman. [Quotation]","Water splashes and a door squeaks
A toilet door squeaks as it is opened
Water drips and a door squeaks
Dripping water with toilet flush and squeak
A toilet flushes and water drains"
"What is happening in the audio?","I'm on a mission of discovery, within the confines of my mind.","A horse runs while two women talk
A woman yells and speaks as birds chirp in the distance.
A camera rustles around as birds chirp and women speak
A tapping occurs and a girl speaks
A woman yells and fidgets over insect noises"
"What is happening in the audio?","The question was not clear. Can you please provide more context or information about what you are asking?","A steam engine runs and whistles as it passes by
A whistle blows as a train chugs by
A train chugs nearby while blowing a horn
A train chugs along as its steam whistle screeches loudly and it moves on the track
A steam train moves along a set of tracks and blows a horn"
"What is happening in the audio?","It's a recording of an event that took place at a specific time and location.","A muffled toilet flushes and the water drains
A toilet flushes and water drains
A toilet flushes and water drains
A toilet flushes once
A toilet flushes and water drains"
"What is happening in the audio?","I'm sorry, but there seems to be no action or event taking place. It would be","Banging metal, then crinkling paper, followed by a woman mumbling and a man grunting
Someone shuffles around objects and sighs
A door opens and plastic is crumpled
A clang followed by some plastic rustling
Paper rustles as objects bang and clatter"
"What is happening in the audio?","I'm sorry, but I am unable to provide an answer for this question as it was not","An engine increases in power as it runs
An aircraft making a sustained, high-pitched engine noise
An engine buzzing consistently
A high pitched engine runs
An aircraft engine runs"
"What is happening in the audio?","I'm sorry, but your question does not provide enough information to determine what happened. Can you","A man speaks as a vehicle engine idles
A man speaks as a vehicle engine idles
A man speaks with a low rumble in the background
Two adult men speak over an engine running
An adult male speaks over low engine noise"
"What is happening in the audio?","The audio is a recording of people talking, likely discussing topics related to education and learning. It","A large crowd cheers and applauds
An audience screams and gives applause
Continuous applause and cheering
An audience screams and gives applause
An audience cheers"
"What is happening in the audio?","The image features a man standing on top of an elephant, which suggests that this could be","Popping and crackling repeats as men yell and laugh
A vehicle is running and crackling and popping as people laugh
People yell and laugh as a motor sputters and pops
Men screeching and shouting while a vehicle is revving and backfiring loudly
People yell and laugh as a vehicle approaches and sputters"
"What is happening in the audio?","I am an artificial intelligence and cannot provide a personal experience. but i can tell you that it is","An engine idles consistently before sputtering some
A motorcycle engine is idling
A sputtering motor idles roughly
Sputtering and clanking of an idling powerful engine
An engine is idling while people speak"
"What is happening in the audio?","I am a text-based chatbot, so you can ask me anything. I would","A toilet flushes quickly
A toilet flushes loudly and water runs down through the toilet and then gurgles at the bottom
A toilet flushes and water drains
A loud rumble followed by a toilet flushing
A toilet flushes and water drains"
"What is happening in the audio?","The image shows a person sitting on a chair, and there are no other people around. There were","Distant men speak as a spray can nozzle is depressed
While a man talks in the distance, a sprayer sprays multiple times
Intermittent spraying is accompanied by men speaking
A spray hisses followed by a man speaking and low rumbling in the background
A person sprays liquid onto a hard surface as a man speaks and vehicles pass by"
"What is happening in the audio?","Too many people are asking for help. I have a question to ask, and it'","A man speaks as crickets sing
A man speaks as crickets sing
A man speaks as crickets sing
A man speaks as crickets sing
Insects chirp and men speak"
"What is happening in the audio?","I'm sorry, but it seems that your question either meant to be at a specific moment.","Several insects fly while two men talk
Insects buzz and men speak
Many insects are buzzing as a man are speaking
Insects buzz as men speak
Insects buzz around and men talk"
"What is happening in the audio?","The audio is a recording of an interview with a former spokso. featuring a discussion about consp","A man talks followed by a woman shouting
A man speaks as water overflows making a hiss noise and a woman yells
A man speaks then a woman yells
A man speaks then a woman panics
An adult man speaks and a woman exclaims nervously"
"What is happening in the audio?","I'm sorry, but you will have to provide more context and information about what you are referring","A motor vehicle roars, drowning out people speaking in the background
Water rushes and then a vehicle zooms past
Water rushes by followed by a motorcycle zooming by in the distance
A motor vehicle accelerate
A vehicle with a diesel engine accelerates"
"What is happening in the audio?","The image shows a picture of an audio waveform, which represents the sound of someone speaking.","A motor runs and stops, and animals squawk and croak
Submachine gun fire along with creature sound effects that continues after gunfire stops
Gunshots fire as a frog croaks
A motor sputters, animals croak, and a person exclaims
A motor runs choppily, followed by an animal croaking, and a person exclaiming"
"What is happening in the audio?","I am a text-based CAPS COMPLETE and to me what's going on","Birds chirp in the background while a horse neighs followed by a girl speaking
A young woman speaks and then a horse neighs in the background
A horse neighs and a girl talks
A bird tweets, a horse whinnies, and a girl speaks
Birds chirp then a girl speaks and a horse neighs"
"What is happening in the audio?","The audio was of a conversation between two people, with one person being a woman and the other man","A soft wind underscores a woman laughing
Distant waters roar amid foreground jostling and a gasp
Water is gurgling in a tank
Water is gurgling in a tank
Water is gurgling in a tank"
"What is happening in the audio?","I'm sorry, but without more context or information, it would be difficult for me to provide","Here comes the train and it starts to blow the horn and get close
A train horn sounds and railroad crossing ring
A train horn sounds and approaches as crossing bells ring
A horn is blown and increases in strength
A horn loudly blares"
"What is happening in the audio?","The audio clip features a man speaking. but it's not clear who he is or what his","Young female child snoring and breathing deeply
A recorded voice speaks briefly as a man snores
A man snores loudly as a recorded voice speaks in the background
A person snores as birds chirp softly in the distance
Distant faint rustling and clattering with nearby wheezing and snoring"
"What is happening in the audio?","The image shows a person holding an object, which appears to be a smartphone. It seems that","Some men converse over an engine running
A motorcycle engine revs and a man speaks
A man speaks as a small engine revs
A motorcycle engine revs as a man speaks
A motorcycle engine runs and a man speaks"
"What is happening in the audio?","The music of a song. specifically, it's lyrics and melody. Answer","A consistent ticking pattern
A clock ticktocks continuously
A repeated ticking
The ticktock of a clock arm repeatedly moving back and forth
A clock ticktocks"
"What is happening in the audio?","The text says ""I'M ON THE COUNTERPLETMENTS DID NOT S","Water splashes and wind noise is made into a microphone
Water splashes and wind blows as birds chirp
The wind blares loudly against some clothing and water splashes in a river
Water splashes as wind noise takes place in a microphone
Water splashes and wind blows"
"What is happening in the audio?","I'm sorry, but your question does not provide any information about what you are looking for.","A race car approaches quickly and slows down squealing tires
A mechanical buzzing getting louder
A vehicle accelerates before slowing down and squealing tires
A race car approaches quickly squealing tires
A race car accelerates quickly before decelerating and squealing tires"
"What is happening in the audio?","The answer to question. ""What is it?"" and ""What's using what a lot an","A man speaks while a machine runs before a smoke alarm beeps
A man speaks, followed by an electronic beep and another man speaking
A man speaks and a smoke alarm beeps
A man speaks then makes a device beep
A man speaks followed by a two beeps and another man speaking"
"What is happening in the audio?","The audio is a part of an ongoing process. It's not just me, but it","A boat engine runs and wind blows while a man speaks and women scream
A boat runs and wind blows while a man speaks and women cheer
An engine buzzing with wind and brief speech
Humming of a motor with people screaming then a woman speaks as wind blows hard and water splashes
Girls scream and a man speaks as wind blows and a boat motor runs"
"What is happening in the audio?","Can't tell without knowing what you are listening to. Question next to us, ""","A person uses a saw to cut some wood
An engine rumbling followed by a mechanical buzzing
An engine revs loudly followed by some men talking and a saw cutting through metal
An engine idles continuously
An engine runs and people speak as cutting takes place"
"What is happening in the audio?","Anything Goes with Vorgis, 1060 WFSB-AM","Someone whistles a tune
Someone whistles a tune
A person is whistling
Someone whistles a song
A person whistling a melody"
"What is happening in the audio?","The image shows a person riding on top of an elephant. It's likely that","A man speaks as a car is passing by
A man speaks as a car is passing by
A man talks while vehicles pass by
A man speaks and wind blows while a car is passing by
A man speaks while wind blows and a car is passing by"
"What is happening in the audio?","I'm sorry, but I cannot provide a response to your question as it doesn't involve","Loud intermittent buzzing with intermittent laughter
A baby laugh at a sputter
Someone makes a blowing sound and a baby laughs
A person makes a snoring noise and a baby laughs
A person blows raspberries while a baby laughs"
"What is happening in the audio?","My apologies, I am an AI and cannot provide you with a real-time information.","Someone snores nearby
Continuous snoring
A person snores
Someone is snoring while sleeping
A person is snoring while sleeping"
"What is happening in the audio?","I'm sorry, but you have not provided any information. Please provide some context or a question","Several ducks quack and cocks crow far away
Ducks quack continuously
Ducks quack lazily as other birds call out in the distance
A rooster crows and a duck quacks while people speak in the background
Cows moo and are then joined by rooster crowing and then ducks quacking"
"What is happening in the audio?","The image shows a timeline of different events, including the start and end dates. This suggests that","A man sprays as a scraping occurs in the background
A man speaks as a scratching occurs
A man speaks over soft spraying noises
A grown man speaks over soft rubbing
An adult male speaks over continuous rubbing noise"
"What is happening in the audio?","The image depicts a man standing on a surfboard. He appears to be riding","Dishes cling together then a man begins to speak
Metal rumbles followed by a kid giggles then more metal rumbling followed by a guy speaking
Pots and pans clash together as a child laughs
Objects continually beat onto a hard surface
Loud, rapid clanking followed by brief speech"
"What is happening in the audio?","The audio is playing at a certain point. so it's likely that the code has reached its","Water is sprayed across a hard surface
Someone sprays liquid onto a hard surface
Water is sprayed across a firm surface
A liquid is sprayed onto a hard surface
Someone sprays a liquid onto a hard surface"
"What is happening in the audio?","The audio is a recording of people talking. It's likely that they are discussing something related","A person snores loudly multiple times at a close distance
A person snores hilariously while someone laughs
A person is snoring with people laughing.
A person snores hilariously as someone laughs
Someone snores while a person laughs"
"What is happening in the audio?","I'm sorry, but it seems that you are referring to a specific event or situation. Can","A dog barks and whimpers
Small dogs growl, bark and yip.
Whippering and grunting from a group of young pups
A dog whimpers and barks
Dogs bark and whimper"
"What is happening in the audio?","The car was driving down a street. It's not possible to determine anything about the specific event","A woman speaks in a fast tone with a male
People speak in a closed space
Multiple people speak
Multiple people speak as vehicle horns blow
Multiple people speak as vehicle horns blow"
"What is happening in the audio?","Home audio: 0 (no) The answer: No In","A bird chirps followed by a door bell ringing that causes a woman to gasp and the music plays
Birds chirp then a doorbell rings and a woman sighs when a doorbell rings
A bird chirp followed by a door bell that leads to a woman gasping and then some music plays
Birds chirp followed by some dings, a woman gasping, and some music
A bell chimes quietly while a bird chirps and a woman gasps as ominous music plays"
"What is happening in the audio?","The answer provided by the system, which was a joke or statement made as a result of the","A church bell rings several times
A bell rings out loudly
A bell rings out loudly
A large bell rings
A large bell rings and echoes"
"What is happening in the audio?","The image shows a person rushing to work, likely at Wall Street. This suggests that they are","Loud clanking and banging with brief male speech
A machine clanks and thumps and a male speaks
A machine runs haltingly and then an adult male talks
A sewing machine runs slowly then a man speaks
Humming and vibrations of a small machine with a man speaking"
"What is happening in the audio?","The image shows a man standing on a street corner, and there are two more people nearby","Water quietly rushes by while birds chirp in the background
Wind blows and a stream of water flows nearby
A door slides shut, wind blows, and birds chirp
A door slides shut amid light wind and chirping birds
Wind gusts near a stream as birds chirp"
"What is happening in the audio?","I'm sorry, but I cannot provide a specific answer as there are no context or information about","Vehicle engines race around a track as a man commentates
Vehicle engines accelerate as a man commentates on an intercom
Several cars move nearby while people talk
Motorcycles pass by as a man speaks into a loudspeaker
Motors sputter over an indistinct conversation"
"What is happening in the audio?","You are listening to a song that you like, and it's playing on your phone.","Food is moved around in a dish before a woman speaks
Something rustling followed by a woman speaks and dishes move
Food is moved around in a dish then a woman speaks
Someone moves food around in dishes and speaks
Some rustling and a woman speaks"
"What is happening in the audio?","I'm sorry, but it seems like you don't understand what happened. Can you please","A small engine spits as it runs
A diesel truck engine runs continuously
A diesel truck engine idles outside
An engine runs loudly
A diesel truck engine runs steadily"
"What is happening in the audio?","I'm sorry, but you will have to provide more context for me to answer your question.","A man speaks as water trickles down a stream
A man speaks while water trickles and flows
A man talks nearby and another man talks far away while some liquid flows
Water trickles down as men speak
Some men converse while water bubbles in the background"
"What is happening in the audio?","The speaker is speaking about a topic related to the number 16. (No name","People speak and laugh as a child speaks
Several people talk and laugh followed by someone coughing
Some kids speak followed by coughing and then more speaking
Several people talk and laugh and a boy caught deeply
People speak and children laugh"
"What is happening in the audio?","To clarify, I'm talking about an audio clip of a person speaking. The question is whether","A person is whistling a tune
A person is whistling
A person is whistling a tune
Someone whistles a tune very smoothly
A meandering tune is whistled"
"What is happening in the audio?","The user has just pressed a key, which may be an input from the keyboard. This could indicate","A vehicle accelerates squealing tires
Engines run and fade into the distance
A vehicle accelerates squealing tires
A vehicle accelerates and squeals tires
Humming of a powerful passing engine speeding by"
"What is happening in the audio?","The conversation between two people, possibly a man and a woman. [Quotation]","Water splashes and a door squeaks
A toilet door squeaks as it is opened
Water drips and a door squeaks
Dripping water with toilet flush and squeak
A toilet flushes and water drains"
"What is happening in the audio?","I'm on a mission of discovery, within the confines of my mind.","A horse runs while two women talk
A woman yells and speaks as birds chirp in the distance.
A camera rustles around as birds chirp and women speak
A tapping occurs and a girl speaks
A woman yells and fidgets over insect noises"
"What is happening in the audio?","The question was not clear. Can you please provide more context or information about what you are asking?","A steam engine runs and whistles as it passes by
A whistle blows as a train chugs by
A train chugs nearby while blowing a horn
A train chugs along as its steam whistle screeches loudly and it moves on the track
A steam train moves along a set of tracks and blows a horn"
"What is happening in the audio?","It's a recording of an event that took place at a specific time and location.","A muffled toilet flushes and the water drains
A toilet flushes and water drains
A toilet flushes and water drains
A toilet flushes once
A toilet flushes and water drains"
"What is happening in the audio?","I'm sorry, but there seems to be no action or event taking place. It would be","Banging metal, then crinkling paper, followed by a woman mumbling and a man grunting
Someone shuffles around objects and sighs
A door opens and plastic is crumpled
A clang followed by some plastic rustling
Paper rustles as objects bang and clatter"
"What is happening in the audio?","I'm sorry, but I am unable to provide an answer for this question as it was not","An engine increases in power as it runs
An aircraft making a sustained, high-pitched engine noise
An engine buzzing consistently
A high pitched engine runs
An aircraft engine runs"
"What is happening in the audio?","I'm sorry, but your question does not provide enough information to determine what happened. Can you","A man speaks as a vehicle engine idles
A man speaks as a vehicle engine idles
A man speaks with a low rumble in the background
Two adult men speak over an engine running
An adult male speaks over low engine noise"
"What is happening in the audio?","An orchestra tuning up then on to a varition of music pieces. The audience cheers","A large crowd cheers and applauds
An audience screams and gives applause
Continuous applause and cheering
An audience screams and gives applause
An audience cheers"
"What is happening in the audio?","A car engine starts and then runs idle, followed by speech from a man and another man laughing","Popping and crackling repeats as men yell and laugh
A vehicle is running and crackling and popping as people laugh
People yell and laugh as a motor sputters and pops
Men screeching and shouting while a vehicle is revving and backfiring loudly
People yell and laugh as a vehicle approaches and sputters"
"What is happening in the audio?","Wind blows and water splashes as a woman speaks while opening an umbrella and","An engine idles consistently before sputtering some
A motorcycle engine is idling
A sputtering motor idles roughly
Sputtering and clanking of an idling powerful engine
An engine is idling while people speak"
"What is happening in the audio?","Some birds tweet while a horse neighs and clip-clops with hooves and a","A toilet flushes quickly
A toilet flushes loudly and water runs down through the toilet and then gurgles at the bottom
A toilet flushes and water drains
A loud rumble followed by a toilet flushing
A toilet flushes and water drains"
"What is happening in the audio?","Rain falls and car engines run idle nearby as a man talks far away briefly into a radio check","Distant men speak as a spray can nozzle is depressed
While a man talks in the distance, a sprayer sprays multiple times
Intermittent spraying is accompanied by men speaking
A spray hisses followed by a man speaking and low rumbling in the background
A person sprays liquid onto a hard surface as a man speaks and vehicles pass by"
"What is happening in the audio?","Insect noises with people speaking and bees buzzing while a man talks through a","A man speaks as crickets sing
A man speaks as crickets sing
A man speaks as crickets sing
A man speaks as crickets sing
Insects chirp and men speak"
"What is happening in the audio?","Two men are speaking while bees are buzzing and a horn honks far away followed by","Several insects fly while two men talk
Insects buzz and men speak
Many insects are buzzing as a man are speaking
Insects buzz as men speak
Insects buzz around and men talk"
"What is happening in the audio?","Silverware clinks together then a man speaks and puts his foot on a cat food can making","A man talks followed by a woman shouting
A man speaks as water overflows making a hiss noise and a woman yells
A man speaks then a woman yells
A man speaks then a woman panics
An adult man speaks and a woman exclaims nervously"
"What is happening in the audio?","Loud siren with traffic and horns in background along with emergency vehicle lights activating repeatedly","A motor vehicle roars, drowning out people speaking in the background
Water rushes and then a vehicle zooms past
Water rushes by followed by a motorcycle zooming by in the distance
A motor vehicle accelerate
A vehicle with a diesel engine accelerates"
"What is happening in the audio?","An adult male is speaking and a sharp whistle goes off as he's talking again and","A motor runs and stops, and animals squawk and croak
Submachine gun fire along with creature sound effects that continues after gunfire stops
Gunshots fire as a frog croaks
A motor sputters, animals croak, and a person exclaims
A motor runs choppily, followed by an animal croaking, and a person exclaiming"
"What is happening in the audio?","People laughing and talking followed by a horse neighing and then wind blowing into a microphone","Birds chirp in the background while a horse neighs followed by a girl speaking
A young woman speaks and then a horse neighs in the background
A horse neighs and a girl talks
A bird tweets, a horse whinnies, and a girl speaks
Birds chirp then a girl speaks and a horse neighs"
"What is happening in the audio?","A small engine rumbling nearby followed by a person talking in the distance and then another person talking","A soft wind underscores a woman laughing
Distant waters roar amid foreground jostling and a gasp
Water is gurgling in a tank
Water is gurgling in a tank
Water is gurgling in a tank"
"What is happening in the audio?","Traffic sounds are present, and an adult male speaks. The traffic sounds include a vehicle driving","Here comes the train and it starts to blow the horn and get close
A train horn sounds and railroad crossing ring
A train horn sounds and approaches as crossing bells ring
A horn is blown and increases in strength
A horn loudly blares"
"What is happening in the audio?","Someone speaks while someone snores nearby several times at moderate volume, followed by a person","Young female child snoring and breathing deeply
A recorded voice speaks briefly as a man snores
A man snores loudly as a recorded voice speaks in the background
A person snores as birds chirp softly in the distance
Distant faint rustling and clattering with nearby wheezing and snoring"
"What is happening in the audio?","An engine chugs and sputters before starting to run smoothly as a man speaks over","Some men converse over an engine running
A motorcycle engine revs and a man speaks
A man speaks as a small engine revs
A motorcycle engine revs as a man speaks
A motorcycle engine runs and a man speaks"
"What is happening in the audio?","Chimes and a rhythmic ticktock then a wind up click and a bird chir","A consistent ticking pattern
A clock ticktocks continuously
A repeated ticking
The ticktock of a clock arm repeatedly moving back and forth
A clock ticktocks"
"What is happening in the audio?","Wind blows hard and a man speaks while a bird chirps nearby and water splash","Water splashes and wind noise is made into a microphone
Water splashes and wind blows as birds chirp
The wind blares loudly against some clothing and water splashes in a river
Water splashes as wind noise takes place in a microphone
Water splashes and wind blows"
"What is happening in the audio?","Car engine revving and speeding away with some background speech at the end of a call. [","A race car approaches quickly and slows down squealing tires
A mechanical buzzing getting louder
A vehicle accelerates before slowing down and squealing tires
A race car approaches quickly squealing tires
A race car accelerates quickly before decelerating and squealing tires"
"What is happening in the audio?","Water running into a sink alongside light music then speech followed by more water running from faucet into","A man speaks while a machine runs before a smoke alarm beeps
A man speaks, followed by an electronic beep and another man speaking
A man speaks and a smoke alarm beeps
A man speaks then makes a device beep
A man speaks followed by a two beeps and another man speaking"
"What is happening in the audio?","Heavy wind and muffled speech from a crowd talking while horns are triggered by an adult","A boat engine runs and wind blows while a man speaks and women scream
A boat runs and wind blows while a man speaks and women cheer
An engine buzzing with wind and brief speech
Humming of a motor with people screaming then a woman speaks as wind blows hard and water splashes
Girls scream and a man speaks as wind blows and a boat motor runs"
"What is happening in the audio?","An engine revving and a man speaking with some light murmuring in the background. The men speak","A person uses a saw to cut some wood
An engine rumbling followed by a mechanical buzzing
An engine revs loudly followed by some men talking and a saw cutting through metal
An engine idles continuously
An engine runs and people speak as cutting takes place"
"What is happening in the audio?","Birds chirp and a man speaks as pigeons coo and an engine id","Someone whistles a tune
Someone whistles a tune
A person is whistling
Someone whistles a song
A person whistling a melody"
"What is happening in the audio?","Running engine of a vehicle outside with man speaking in the background as traffic passes by in the distance and","A man speaks as a car is passing by
A man speaks as a car is passing by
A man talks while vehicles pass by
A man speaks and wind blows while a car is passing by
A man speaks while wind blows and a car is passing by"
"What is happening in the audio?","Someone laughs meanly multiple times followed by a baby that also laughsmeanly back as","Loud intermittent buzzing with intermittent laughter
A baby laugh at a sputter
Someone makes a blowing sound and a baby laughs
A person makes a snoring noise and a baby laughs
A person blows raspberries while a baby laughs"
"What is happening in the audio?","Someone snores steadily nearby as a person laughs and another one talks followed by a","Someone snores nearby
Continuous snoring
A person snores
Someone is snoring while sleeping
A person is snoring while sleeping"
"What is happening in the audio?","Ambient sound inside a poultry house. (particularly chicken coop)..","Several ducks quack and cocks crow far away
Ducks quack continuously
Ducks quack lazily as other birds call out in the distance
A rooster crows and a duck quacks while people speak in the background
Cows moo and are then joined by rooster crowing and then ducks quacking"
"What is happening in the audio?","A spraying sound with a man talking and some hissing sounds at end. Then music starts","A man sprays as a scraping occurs in the background
A man speaks as a scratching occurs
A man speaks over soft spraying noises
A grown man speaks over soft rubbing
An adult male speaks over continuous rubbing noise"
"What is happening in the audio?","Dishes clinking and clacking with faint speech in the background as a clock rings on the","Dishes cling together then a man begins to speak
Metal rumbles followed by a kid giggles then more metal rumbling followed by a guy speaking
Pots and pans clash together as a child laughs
Objects continually beat onto a hard surface
Loud, rapid clanking followed by brief speech"
"What is happening in the audio?","Air sprays, a train trumpets and people speak quietly nearby. The wind blows","Water is sprayed across a hard surface
Someone sprays liquid onto a hard surface
Water is sprayed across a firm surface
A liquid is sprayed onto a hard surface
Someone sprays a liquid onto a hard surface"
"What is happening in the audio?","A person snoring and another man speaking briefly followed by a toilet flushing twice and people","A person snores loudly multiple times at a close distance
A person snores hilariously while someone laughs
A person is snoring with people laughing.
A person snores hilariously as someone laughs
Someone snores while a person laughs"
"What is happening in the audio?","Dog whimpering and man laughing then dog growling at man as he laughs. The","A dog barks and whimpers
Small dogs growl, bark and yip.
Whippering and grunting from a group of young pups
A dog whimpers and barks
Dogs bark and whimper"
"What is happening in the audio?","Wind blowing with a distant muffled speech and water splashing before a group of men","A woman speaks in a fast tone with a male
People speak in a closed space
Multiple people speak
Multiple people speak as vehicle horns blow
Multiple people speak as vehicle horns blow"
"What is happening in the audio?","Leaves rustling with far-off crowded speech, ducks quacking and a man","A bird chirps followed by a door bell ringing that causes a woman to gasp and the music plays
Birds chirp then a doorbell rings and a woman sighs when a doorbell rings
A bird chirp followed by a door bell that leads to a woman gasping and then some music plays
Birds chirp followed by some dings, a woman gasping, and some music
A bell chimes quietly while a bird chirps and a woman gasps as ominous music plays"
"What is happening in the audio?","Bell ringing a tune with some rustling of fabric in the background as well as people speaking","A church bell rings several times
A bell rings out loudly
A bell rings out loudly
A large bell rings
A large bell rings and echoes"
"What is happening in the audio?","A person talking then a clank of metal followed by another person talking and more people talking after that","Loud clanking and banging with brief male speech
A machine clanks and thumps and a male speaks
A machine runs haltingly and then an adult male talks
A sewing machine runs slowly then a man speaks
Humming and vibrations of a small machine with a man speaking"
"What is happening in the audio?","A music clip plays on a television while people talk nearby and laughs are heard. Then, something","Water quietly rushes by while birds chirp in the background
Wind blows and a stream of water flows nearby
A door slides shut, wind blows, and birds chirp
A door slides shut amid light wind and chirping birds
Wind gusts near a stream as birds chirp"
"What is happening in the audio?","Multiple cars racing with revving engines and faint speech in background followed by a horn honking several times","Vehicle engines race around a track as a man commentates
Vehicle engines accelerate as a man commentates on an intercom
Several cars move nearby while people talk
Motorcycles pass by as a man speaks into a loudspeaker
Motors sputter over an indistinct conversation"
"What is happening in the audio?","A woman talks while a pan sizzles then fries some foods and she laughs","Food is moved around in a dish before a woman speaks
Something rustling followed by a woman speaks and dishes move
Food is moved around in a dish then a woman speaks
Someone moves food around in dishes and speaks
Some rustling and a woman speaks"
"What is happening in the audio?","Large vehicle engine running, squeaking and hissing from brakes, people speaking faintly","A small engine spits as it runs
A diesel truck engine runs continuously
A diesel truck engine idles outside
An engine runs loudly
A diesel truck engine runs steadily"
"What is happening in the audio?","A man speaking followed by a gun fire and more speech from the man. The gun fire is followed","A man speaks as water trickles down a stream
A man speaks while water trickles and flows
A man talks nearby and another man talks far away while some liquid flows
Water trickles down as men speak
Some men converse while water bubbles in the background"
"What is happening in the audio?","Crinkling occurs, then an adult female speaks and another woman laughs softly in the","People speak and laugh as a child speaks
Several people talk and laugh followed by someone coughing
Some kids speak followed by coughing and then more speaking
Several people talk and laugh and a boy caught deeply
People speak and children laugh"
"What is happening in the audio?","Someone whistles a tune, then starts to whistle a different song with more","A person is whistling a tune
A person is whistling
A person is whistling a tune
Someone whistles a tune very smoothly
A meandering tune is whistled"
"What is happening in the audio?","People laughing and a man speaking followed by another man talking after a brief silence with people clapping","A vehicle accelerates squealing tires
Engines run and fade into the distance
A vehicle accelerates squealing tires
A vehicle accelerates and squeals tires
Humming of a powerful passing engine speeding by"
"What is happening in the audio?","An adult male speaks, and a dog growls then barks several times nearby as music plays","Water splashes and a door squeaks
A toilet door squeaks as it is opened
Water drips and a door squeaks
Dripping water with toilet flush and squeak
A toilet flushes and water drains"
"What is happening in the audio?","People speak with wind and clip clops of a horse while birds chirp quietly in the background","A horse runs while two women talk
A woman yells and speaks as birds chirp in the distance.
A camera rustles around as birds chirp and women speak
A tapping occurs and a girl speaks
A woman yells and fidgets over insect noises"
"What is happening in the audio?","Rustling with a train passing by and steam hissing out of its engine. Then, a","A steam engine runs and whistles as it passes by
A whistle blows as a train chugs by
A train chugs nearby while blowing a horn
A train chugs along as its steam whistle screeches loudly and it moves on the track
A steam train moves along a set of tracks and blows a horn"
"What is happening in the audio?","Water trickles while a toilet flushes and then stops with a soft splash. The","A muffled toilet flushes and the water drains
A toilet flushes and water drains
A toilet flushes and water drains
A toilet flushes once
A toilet flushes and water drains"
"What is happening in the audio?","A man speaking then typing on a keyboard before verbalizing and laughing followed by another person talking","Banging metal, then crinkling paper, followed by a woman mumbling and a man grunting
Someone shuffles around objects and sighs
A door opens and plastic is crumpled
A clang followed by some plastic rustling
Paper rustles as objects bang and clatter"
"What is happening in the audio?","An engine works nearby, and then a helicopter whirs as it flies by very close","An engine increases in power as it runs
An aircraft making a sustained, high-pitched engine noise
An engine buzzing consistently
A high pitched engine runs
An aircraft engine runs"
"What is happening in the audio?","Water flowing and gurgling with leaves rustling and distant speech before a horn honks and","A man speaks as a vehicle engine idles
A man speaks as a vehicle engine idles
A man speaks with a low rumble in the background
Two adult men speak over an engine running
An adult male speaks over low engine noise"
"What is happening in the audio?","A crowd cheers as a speaker speaks then a man sings an aria followed by several seconds","A large crowd cheers and applauds
An audience screams and gives applause
Continuous applause and cheering
An audience screams and gives applause
An audience cheers"
"What is happening in the audio?","Engine starting and stopping, a man speaks then laughs, another man talks while something b","Popping and crackling repeats as men yell and laugh
A vehicle is running and crackling and popping as people laugh
People yell and laugh as a motor sputters and pops
Men screeching and shouting while a vehicle is revving and backfiring loudly
People yell and laugh as a vehicle approaches and sputters"
"What is happening in the audio?","Wind blows into a microphone as water splashes and rushes along with an engine","An engine idles consistently before sputtering some
A motorcycle engine is idling
A sputtering motor idles roughly
Sputtering and clanking of an idling powerful engine
An engine is idling while people speak"
"What is happening in the audio?","Birds chirp and a goat baaes while wind blows into a microphone","A toilet flushes quickly
A toilet flushes loudly and water runs down through the toilet and then gurgles at the bottom
A toilet flushes and water drains
A loud rumble followed by a toilet flushing
A toilet flushes and water drains"
"What is happening in the audio?","Engine revving and squeaking tires as a car accelerates and moves forward then stops briefly","Distant men speak as a spray can nozzle is depressed
While a man talks in the distance, a sprayer sprays multiple times
Intermittent spraying is accompanied by men speaking
A spray hisses followed by a man speaking and low rumbling in the background
A person sprays liquid onto a hard surface as a man speaks and vehicles pass by"
"What is happening in the audio?","Something crunches on the ground followed by a man talking and birds chirping in the background","A man speaks as crickets sing
A man speaks as crickets sing
A man speaks as crickets sing
A man speaks as crickets sing
Insects chirp and men speak"
"What is happening in the audio?","Soft voices and rustling followed by a loud splash as water gushes out of a","Several insects fly while two men talk
Insects buzz and men speak
Many insects are buzzing as a man are speaking
Insects buzz as men speak
Insects buzz around and men talk"
"What is happening in the audio?","A man speaks and a woman laughs as dishes are smashed on a hard surface.","A man talks followed by a woman shouting
A man speaks as water overflows making a hiss noise and a woman yells
A man speaks then a woman yells
A man speaks then a woman panics
An adult man speaks and a woman exclaims nervously"
"What is happening in the audio?","Loud siren going off with traffic noises in the background then getting louder as it","A motor vehicle roars, drowning out people speaking in the background
Water rushes and then a vehicle zooms past
Water rushes by followed by a motorcycle zooming by in the distance
A motor vehicle accelerate
A vehicle with a diesel engine accelerates"
"What is happening in the audio?","Man speaking with rain falling and thunder cracking in distance then a gush of water followed by","A motor runs and stops, and animals squawk and croak
Submachine gun fire along with creature sound effects that continues after gunfire stops
Gunshots fire as a frog croaks
A motor sputters, animals croak, and a person exclaims
A motor runs choppily, followed by an animal croaking, and a person exclaiming"
"What is happening in the audio?","Woman speaking followed by metal banging and squeaking then a neigh of a horse passing by while","Birds chirp in the background while a horse neighs followed by a girl speaking
A young woman speaks and then a horse neighs in the background
A horse neighs and a girl talks
A bird tweets, a horse whinnies, and a girl speaks
Birds chirp then a girl speaks and a horse neighs"
"What is happening in the audio?","A train horn blows loudly and a train engine chugs slowly nearby as a man speaks","A soft wind underscores a woman laughing
Distant waters roar amid foreground jostling and a gasp
Water is gurgling in a tank
Water is gurgling in a tank
Water is gurgling in a tank"
"What is happening in the audio?","Traffic sounds are present and a man speaks while metal clanks then a motorcycle drives by","Here comes the train and it starts to blow the horn and get close
A train horn sounds and railroad crossing ring
A train horn sounds and approaches as crossing bells ring
A horn is blown and increases in strength
A horn loudly blares"
"What is happening in the audio?","An adult female speaks while an adult male snores nearby, and another adult female talks briefly","Young female child snoring and breathing deeply
A recorded voice speaks briefly as a man snores
A man snores loudly as a recorded voice speaks in the background
A person snores as birds chirp softly in the distance
Distant faint rustling and clattering with nearby wheezing and snoring"
"What is happening in the audio?","A lawn mower engine chugging away with a man speaking and metal clanking at","Some men converse over an engine running
A motorcycle engine revs and a man speaks
A man speaks as a small engine revs
A motorcycle engine revs as a man speaks
A motorcycle engine runs and a man speaks"
"What is happening in the audio?","Chimes and then a rhythmic ticktock before a soft female voice speaks followed by","A consistent ticking pattern
A clock ticktocks continuously
A repeated ticking
The ticktock of a clock arm repeatedly moving back and forth
A clock ticktocks"
"What is happening in the audio?","Wind blows and a baby cries, followed by an adult woman speaking faintly You","Water splashes and wind noise is made into a microphone
Water splashes and wind blows as birds chirp
The wind blares loudly against some clothing and water splashes in a river
Water splashes as wind noise takes place in a microphone
Water splashes and wind blows"
"What is happening in the audio?","Car engine running then overtaking with a horn honking and tires squealing as wind","A race car approaches quickly and slows down squealing tires
A mechanical buzzing getting louder
A vehicle accelerates before slowing down and squealing tires
A race car approaches quickly squealing tires
A race car accelerates quickly before decelerating and squealing tires"
"What is happening in the audio?","An engine revs and a horn blows as rain pours down lightly before stopping and a","A man speaks while a machine runs before a smoke alarm beeps
A man speaks, followed by an electronic beep and another man speaking
A man speaks and a smoke alarm beeps
A man speaks then makes a device beep
A man speaks followed by a two beeps and another man speaking"
"What is happening in the audio?","Wind blows then a motor starts running and people ooh and ahh with excitement (a child","A boat engine runs and wind blows while a man speaks and women scream
A boat runs and wind blows while a man speaks and women cheer
An engine buzzing with wind and brief speech
Humming of a motor with people screaming then a woman speaks as wind blows hard and water splashes
Girls scream and a man speaks as wind blows and a boat motor runs"
"What is happening in the audio?","Train engine running and horn honking followed by railroad crossing warning bell ringing and train engine rev","A person uses a saw to cut some wood
An engine rumbling followed by a mechanical buzzing
An engine revs loudly followed by some men talking and a saw cutting through metal
An engine idles continuously
An engine runs and people speak as cutting takes place"
"What is happening in the audio?","Birds chirping and rustling leaves, followed by an engine starting up and a horn hon","Someone whistles a tune
Someone whistles a tune
A person is whistling
Someone whistles a song
A person whistling a melody"
"What is happening in the audio?","A man speaks as a vehicle engine purrs in the background before a loud horn beeps","A man speaks as a car is passing by
A man speaks as a car is passing by
A man talks while vehicles pass by
A man speaks and wind blows while a car is passing by
A man speaks while wind blows and a car is passing by"
"What is happening in the audio?","Someone snores loudly and then makes fart noises, followed by more snoring and","Loud intermittent buzzing with intermittent laughter
A baby laugh at a sputter
Someone makes a blowing sound and a baby laughs
A person makes a snoring noise and a baby laughs
A person blows raspberries while a baby laughs"
"What is happening in the audio?","Continuous snoring followed by a person gently speaking then a door quietly closing and someone soft","Someone snores nearby
Continuous snoring
A person snores
Someone is snoring while sleeping
A person is snoring while sleeping"
"What is happening in the audio?","Several chickens squawking followed by a man speaking and rustling of paper occurs in the","Several ducks quack and cocks crow far away
Ducks quack continuously
Ducks quack lazily as other birds call out in the distance
A rooster crows and a duck quacks while people speak in the background
Cows moo and are then joined by rooster crowing and then ducks quacking"
"What is happening in the audio?","A person talks followed by spraying then more talking and sprays repeatedly with a loud","A man sprays as a scraping occurs in the background
A man speaks as a scratching occurs
A man speaks over soft spraying noises
A grown man speaks over soft rubbing
An adult male speaks over continuous rubbing noise"
"What is happening in the audio?","Dishes clink and people speak while pigs squeal loudly nearby as chimes ring","Dishes cling together then a man begins to speak
Metal rumbles followed by a kid giggles then more metal rumbling followed by a guy speaking
Pots and pans clash together as a child laughs
Objects continually beat onto a hard surface
Loud, rapid clanking followed by brief speech"
"What is happening in the audio?","A vehicle engine running followed by a loud horn and then passing traffic noise with people speaking in the background","Water is sprayed across a hard surface
Someone sprays liquid onto a hard surface
Water is sprayed across a firm surface
A liquid is sprayed onto a hard surface
Someone sprays a liquid onto a hard surface"
"What is happening in the audio?","Man speaking followed by a loud burp and then more speech. The man speaks again briefly before","A person snores loudly multiple times at a close distance
A person snores hilariously while someone laughs
A person is snoring with people laughing.
A person snores hilariously as someone laughs
Someone snores while a person laughs"
"What is happening in the audio?","Dogs barking and growling followed by a woman speaking then more dogs bark and grow","A dog barks and whimpers
Small dogs growl, bark and yip.
Whippering and grunting from a group of young pups
A dog whimpers and barks
Dogs bark and whimper"
"What is happening in the audio?","A vehicle engine operates followed by people talking then a splashing sound as something hits water and","A woman speaks in a fast tone with a male
People speak in a closed space
Multiple people speak
Multiple people speak as vehicle horns blow
Multiple people speak as vehicle horns blow"
"What is happening in the audio?","A man speaks and then a sheep bleats followed by more speech and another bleat from the","A bird chirps followed by a door bell ringing that causes a woman to gasp and the music plays
Birds chirp then a doorbell rings and a woman sighs when a doorbell rings
A bird chirp followed by a door bell that leads to a woman gasping and then some music plays
Birds chirp followed by some dings, a woman gasping, and some music
A bell chimes quietly while a bird chirps and a woman gasps as ominous music plays"
"What is happening in the audio?","Church bells chiming loudly multiple times, with a brief moment of silence beforehand followed by","A church bell rings several times
A bell rings out loudly
A bell rings out loudly
A large bell rings
A large bell rings and echoes"
"What is happening in the audio?","A drill motor runs, a man speaks then stops speaking and a door shutters behind him","Loud clanking and banging with brief male speech
A machine clanks and thumps and a male speaks
A machine runs haltingly and then an adult male talks
A sewing machine runs slowly then a man speaks
Humming and vibrations of a small machine with a man speaking"
"What is happening in the audio?","A drill being used followed by a man speaking as wood fractures and metal clinks against","Water quietly rushes by while birds chirp in the background
Wind blows and a stream of water flows nearby
A door slides shut, wind blows, and birds chirp
A door slides shut amid light wind and chirping birds
Wind gusts near a stream as birds chirp"
"What is happening in the audio?","Multiple motorcycles revving and a man speaking briefly before a burst of wind blows followed by","Vehicle engines race around a track as a man commentates
Vehicle engines accelerate as a man commentates on an intercom
Several cars move nearby while people talk
Motorcycles pass by as a man speaks into a loudspeaker
Motors sputter over an indistinct conversation"
"What is happening in the audio?","Water is running softly while a woman speaks briefly and then starts to laugh lightheartedly as","Food is moved around in a dish before a woman speaks
Something rustling followed by a woman speaks and dishes move
Food is moved around in a dish then a woman speaks
Someone moves food around in dishes and speaks
Some rustling and a woman speaks"
"What is happening in the audio?","A truck engine revs and idles loudly nearby as a person speaks faintly in","A small engine spits as it runs
A diesel truck engine runs continuously
A diesel truck engine idles outside
An engine runs loudly
A diesel truck engine runs steadily"
"What is happening in the audio?","A man speaks, then a file drills as music plays softly in the background followed by","A man speaks as water trickles down a stream
A man speaks while water trickles and flows
A man talks nearby and another man talks far away while some liquid flows
Water trickles down as men speak
Some men converse while water bubbles in the background"
"What is happening in the audio?","Woman talking and running a sewing machine, followed by clanking of metal objects together. The","People speak and laugh as a child speaks
Several people talk and laugh followed by someone coughing
Some kids speak followed by coughing and then more speaking
Several people talk and laugh and a boy caught deeply
People speak and children laugh"
"What is happening in the audio?","Someone whistles a melody loudly and clearly. The whistling sounds continuous and","A person is whistling a tune
A person is whistling
A person is whistling a tune
Someone whistles a tune very smoothly
A meandering tune is whistled"
"What is happening in the audio?","A man speaking followed by a burst of laughter from a group of people as they talk and laugh","A vehicle accelerates squealing tires
Engines run and fade into the distance
A vehicle accelerates squealing tires
A vehicle accelerates and squeals tires
Humming of a powerful passing engine speeding by"
"What is happening in the audio?","Birds chirping followed by a toilet flushing and child laughing then door shut","Water splashes and a door squeaks
A toilet door squeaks as it is opened
Water drips and a door squeaks
Dripping water with toilet flush and squeak
A toilet flushes and water drains"
"What is happening in the audio?","People speak and laugh while a horse neighs repeatedly followed by someone who talks and shouts then","A horse runs while two women talk
A woman yells and speaks as birds chirp in the distance.
A camera rustles around as birds chirp and women speak
A tapping occurs and a girl speaks
A woman yells and fidgets over insect noises"
"What is happening in the audio?","A train moving down tracks, hissing steam and clanking metal repeatedly then a horn signaling","A steam engine runs and whistles as it passes by
A whistle blows as a train chugs by
A train chugs nearby while blowing a horn
A train chugs along as its steam whistle screeches loudly and it moves on the track
A steam train moves along a set of tracks and blows a horn"
"What is happening in the audio?","Water flowing and gurgling followed by loud thumping and shaking of a metal object","A muffled toilet flushes and the water drains
A toilet flushes and water drains
A toilet flushes and water drains
A toilet flushes once
A toilet flushes and water drains"
"What is happening in the audio?","Two men speak and laugh before a door closes downward followed by a banging on a surface","Banging metal, then crinkling paper, followed by a woman mumbling and a man grunting
Someone shuffles around objects and sighs
A door opens and plastic is crumpled
A clang followed by some plastic rustling
Paper rustles as objects bang and clatter"
"What is happening in the audio?","An engine works nearby with people speaking in the background as wind blows into a microphone on a","An engine increases in power as it runs
An aircraft making a sustained, high-pitched engine noise
An engine buzzing consistently
A high pitched engine runs
An aircraft engine runs"
"What is happening in the audio?","Two men talking as rain falls and wind blows into a microphone followed by a man speaking while","A man speaks as a vehicle engine idles
A man speaks as a vehicle engine idles
A man speaks with a low rumble in the background
Two adult men speak over an engine running
An adult male speaks over low engine noise"
"What is happening in the audio?","An orchestra plays music while a man delivers a speech nearby, and people applaud in","A large crowd cheers and applauds
An audience screams and gives applause
Continuous applause and cheering
An audience screams and gives applause
An audience cheers"
"What is happening in the audio?","Some people are laughing and talking while a motorcycle engine idles nearby, squeaking as","Popping and crackling repeats as men yell and laugh
A vehicle is running and crackling and popping as people laugh
People yell and laugh as a motor sputters and pops
Men screeching and shouting while a vehicle is revving and backfiring loudly
People yell and laugh as a vehicle approaches and sputters"
"What is happening in the audio?","Wind blows into a microphone as water splashes and gurgles, followed by rust","An engine idles consistently before sputtering some
A motorcycle engine is idling
A sputtering motor idles roughly
Sputtering and clanking of an idling powerful engine
An engine is idling while people speak"
"What is happening in the audio?","Birds are chirping and a goat baaing as wind blows into a micro","A toilet flushes quickly
A toilet flushes loudly and water runs down through the toilet and then gurgles at the bottom
A toilet flushes and water drains
A loud rumble followed by a toilet flushing
A toilet flushes and water drains"
"What is happening in the audio?","An engine idles and revs up while a man speaks briefly followed by a loud honk","Distant men speak as a spray can nozzle is depressed
While a man talks in the distance, a sprayer sprays multiple times
Intermittent spraying is accompanied by men speaking
A spray hisses followed by a man speaking and low rumbling in the background
A person sprays liquid onto a hard surface as a man speaks and vehicles pass by"
"What is happening in the audio?","Insects buzzing and rustling followed by a man speaking with wind sounds in background then","A man speaks as crickets sing
A man speaks as crickets sing
A man speaks as crickets sing
A man speaks as crickets sing
Insects chirp and men speak"
"What is happening in the audio?","People are talking while something is sizzling and a car engine starts up then revs its engine","Several insects fly while two men talk
Insects buzz and men speak
Many insects are buzzing as a man are speaking
Insects buzz as men speak
Insects buzz around and men talk"
"What is happening in the audio?","Man speaking and clanking of silverware on a plate while stirring food together with some light","A man talks followed by a woman shouting
A man speaks as water overflows making a hiss noise and a woman yells
A man speaks then a woman yells
A man speaks then a woman panics
An adult man speaks and a woman exclaims nervously"
"What is happening in the audio?","An emergency vehicle passes by with sirens on and off intermittently while traffic moves nearby followed","A motor vehicle roars, drowning out people speaking in the background
Water rushes and then a vehicle zooms past
Water rushes by followed by a motorcycle zooming by in the distance
A motor vehicle accelerate
A vehicle with a diesel engine accelerates"
"What is happening in the audio?","Someone says ""Hey, hey!"".."".""."".-.""..."" and","A motor runs and stops, and animals squawk and croak
Submachine gun fire along with creature sound effects that continues after gunfire stops
Gunshots fire as a frog croaks
A motor sputters, animals croak, and a person exclaims
A motor runs choppily, followed by an animal croaking, and a person exclaiming"
"What is happening in the audio?","Intermittent neighing and clip clopping followed by a man speaking then a woman laughing and","Birds chirp in the background while a horse neighs followed by a girl speaking
A young woman speaks and then a horse neighs in the background
A horse neighs and a girl talks
A bird tweets, a horse whinnies, and a girl speaks
Birds chirp then a girl speaks and a horse neighs"
"What is happening in the audio?","Boat motor running on water and then a person talking very softly at end of recording followed by","A soft wind underscores a woman laughing
Distant waters roar amid foreground jostling and a gasp
Water is gurgling in a tank
Water is gurgling in a tank
Water is gurgling in a tank"
"What is happening in the audio?","An adult male speaks while a vehicle passes by and wind blows into a microphone, some","Here comes the train and it starts to blow the horn and get close
A train horn sounds and railroad crossing ring
A train horn sounds and approaches as crossing bells ring
A horn is blown and increases in strength
A horn loudly blares"
"What is happening in the audio?","Someone speaks while another person snores nearby, and a can falls on the floor with a","Young female child snoring and breathing deeply
A recorded voice speaks briefly as a man snores
A man snores loudly as a recorded voice speaks in the background
A person snores as birds chirp softly in the distance
Distant faint rustling and clattering with nearby wheezing and snoring"
"What is happening in the audio?","Man speaking followed by gunshots and loud bangs of something hitting a hard surface while music plays","Some men converse over an engine running
A motorcycle engine revs and a man speaks
A man speaks as a small engine revs
A motorcycle engine revs as a man speaks
A motorcycle engine runs and a man speaks"
"What is happening in the audio?","Ticking and rumbling of a large engine, as well as some squeaking and","A consistent ticking pattern
A clock ticktocks continuously
A repeated ticking
The ticktock of a clock arm repeatedly moving back and forth
A clock ticktocks"
"What is happening in the audio?","Wind blows, a woman speaks and laughs while a pig oinks once as it","Water splashes and wind noise is made into a microphone
Water splashes and wind blows as birds chirp
The wind blares loudly against some clothing and water splashes in a river
Water splashes as wind noise takes place in a microphone
Water splashes and wind blows"
"What is happening in the audio?","Car motor running, wind blowing, car passing by quickly and getting farther away, man yelling","A race car approaches quickly and slows down squealing tires
A mechanical buzzing getting louder
A vehicle accelerates before slowing down and squealing tires
A race car approaches quickly squealing tires
A race car accelerates quickly before decelerating and squealing tires"
"What is happening in the audio?","Water runs into a sink and food sizzles nearby as music plays lightly in the background then","A man speaks while a machine runs before a smoke alarm beeps
A man speaks, followed by an electronic beep and another man speaking
A man speaks and a smoke alarm beeps
A man speaks then makes a device beep
A man speaks followed by a two beeps and another man speaking"
"What is happening in the audio?","Wind blows, water runs and people speak faintly in the background while a woman laughs loud","A boat engine runs and wind blows while a man speaks and women scream
A boat runs and wind blows while a man speaks and women cheer
An engine buzzing with wind and brief speech
Humming of a motor with people screaming then a woman speaks as wind blows hard and water splashes
Girls scream and a man speaks as wind blows and a boat motor runs"
"What is happening in the audio?","An engine running followed by a person speaking and more engines running in the background. then tapping no","A person uses a saw to cut some wood
An engine rumbling followed by a mechanical buzzing
An engine revs loudly followed by some men talking and a saw cutting through metal
An engine idles continuously
An engine runs and people speak as cutting takes place"
"What is happening in the audio?","Birds chirp and tweet while an older woman speaks followed by a man speaking briefly","Someone whistles a tune
Someone whistles a tune
A person is whistling
Someone whistles a song
A person whistling a melody"
"What is happening in the audio?","An engine chugging then revving up and accelerating away from a microphone while wind blow","A man speaks as a car is passing by
A man speaks as a car is passing by
A man talks while vehicles pass by
A man speaks and wind blows while a car is passing by
A man speaks while wind blows and a car is passing by"
"What is happening in the audio?","Someone laughs loudly nearby, and a baby hiccup-laughs as someone","Loud intermittent buzzing with intermittent laughter
A baby laugh at a sputter
Someone makes a blowing sound and a baby laughs
A person makes a snoring noise and a baby laughs
A person blows raspberries while a baby laughs"
"What is happening in the audio?","Someone snoring and breathing heavily followed by a man laughing softly then another person talking","Someone snores nearby
Continuous snoring
A person snores
Someone is snoring while sleeping
A person is snoring while sleeping"
"What is happening in the audio?","Ambient sound of a market. [A rooster crows, people talk and walk around]","Several ducks quack and cocks crow far away
Ducks quack continuously
Ducks quack lazily as other birds call out in the distance
A rooster crows and a duck quacks while people speak in the background
Cows moo and are then joined by rooster crowing and then ducks quacking"
"What is happening in the audio?","Man speaking with spraying sound in background and a whistle blows at end of speech","A man sprays as a scraping occurs in the background
A man speaks as a scratching occurs
A man speaks over soft spraying noises
A grown man speaks over soft rubbing
An adult male speaks over continuous rubbing noise"
"What is happening in the audio?","Metal clinking and food sizzling on a pan, people talking nearby as dishes clack","Dishes cling together then a man begins to speak
Metal rumbles followed by a kid giggles then more metal rumbling followed by a guy speaking
Pots and pans clash together as a child laughs
Objects continually beat onto a hard surface
Loud, rapid clanking followed by brief speech"
"What is happening in the audio?","Air rushing followed by hissing and ticking sounds with intermittent squeaking and clicking","Water is sprayed across a hard surface
Someone sprays liquid onto a hard surface
Water is sprayed across a firm surface
A liquid is sprayed onto a hard surface
Someone sprays a liquid onto a hard surface"
"What is happening in the audio?","Someone snoring and then a man speaking followed by another person talking while someone else is typing on","A person snores loudly multiple times at a close distance
A person snores hilariously while someone laughs
A person is snoring with people laughing.
A person snores hilariously as someone laughs
Someone snores while a person laughs"
"What is happening in the audio?","Dogs barking and growling followed by a squeaky toy being played with","A dog barks and whimpers
Small dogs growl, bark and yip.
Whippering and grunting from a group of young pups
A dog whimpers and barks
Dogs bark and whimper"
"What is happening in the audio?","Wind blowing and then a vehicle moving followed by two men talking with background traffic sounds and then more","A woman speaks in a fast tone with a male
People speak in a closed space
Multiple people speak
Multiple people speak as vehicle horns blow
Multiple people speak as vehicle horns blow"
"What is happening in the audio?","Someone talks and then a duck quacks twice while water splashes and waves g","A bird chirps followed by a door bell ringing that causes a woman to gasp and the music plays
Birds chirp then a doorbell rings and a woman sighs when a doorbell rings
A bird chirp followed by a door bell that leads to a woman gasping and then some music plays
Birds chirp followed by some dings, a woman gasping, and some music
A bell chimes quietly while a bird chirps and a woman gasps as ominous music plays"
"What is happening in the audio?","Several bells are clanging loudly and continuously with a slight echo effect present before fading","A church bell rings several times
A bell rings out loudly
A bell rings out loudly
A large bell rings
A large bell rings and echoes"
"What is happening in the audio?","Drilling and hammering noises with a man speaking then stopping abruptly followed by another","Loud clanking and banging with brief male speech
A machine clanks and thumps and a male speaks
A machine runs haltingly and then an adult male talks
A sewing machine runs slowly then a man speaks
Humming and vibrations of a small machine with a man speaking"
"What is happening in the audio?","Music plays and then a bursting sound occurs followed by water splashes with birds tweeting in","Water quietly rushes by while birds chirp in the background
Wind blows and a stream of water flows nearby
A door slides shut, wind blows, and birds chirp
A door slides shut amid light wind and chirping birds
Wind gusts near a stream as birds chirp"
"What is happening in the audio?","Race car driving on a track with wind blowing and engines revving as people talk far away followed","Vehicle engines race around a track as a man commentates
Vehicle engines accelerate as a man commentates on an intercom
Several cars move nearby while people talk
Motorcycles pass by as a man speaks into a loudspeaker
Motors sputter over an indistinct conversation"
"What is happening in the audio?","Food frying followed by a woman speaking then more food fryng and clanking occurs","Food is moved around in a dish before a woman speaks
Something rustling followed by a woman speaks and dishes move
Food is moved around in a dish then a woman speaks
Someone moves food around in dishes and speaks
Some rustling and a woman speaks"
"What is happening in the audio?","Engine running, people talking and laughing, vehicle driving away slowly with screeching tires","A small engine spits as it runs
A diesel truck engine runs continuously
A diesel truck engine idles outside
An engine runs loudly
A diesel truck engine runs steadily"
"What is happening in the audio?","The male is speaking and people are laughing then the male speaks again while music plays in the","A man speaks as water trickles down a stream
A man speaks while water trickles and flows
A man talks nearby and another man talks far away while some liquid flows
Water trickles down as men speak
Some men converse while water bubbles in the background"
"What is happening in the audio?","Crinkling with a woman speaking followed by more crinkling and speech from another person, then","People speak and laugh as a child speaks
Several people talk and laugh followed by someone coughing
Some kids speak followed by coughing and then more speaking
Several people talk and laugh and a boy caught deeply
People speak and children laugh"
"What is happening in the audio?","Someone whistles a melody followed by another person whistling faster and louder","A person is whistling a tune
A person is whistling
A person is whistling a tune
Someone whistles a tune very smoothly
A meandering tune is whistled"
"What is happening in the audio?","Man speaking and then music playing briefly followed by more speech from a different person and then some light laugh","A vehicle accelerates squealing tires
Engines run and fade into the distance
A vehicle accelerates squealing tires
A vehicle accelerates and squeals tires
Humming of a powerful passing engine speeding by"
"What is happening in the audio?","Humming followed by a few knocks then rustling as music plays faintly in the background and","Water splashes and a door squeaks
A toilet door squeaks as it is opened
Water drips and a door squeaks
Dripping water with toilet flush and squeak
A toilet flushes and water drains"
"What is happening in the audio?","Stamping and speech followed by laughter and a horse neighs softly as birds tweet","A horse runs while two women talk
A woman yells and speaks as birds chirp in the distance.
A camera rustles around as birds chirp and women speak
A tapping occurs and a girl speaks
A woman yells and fidgets over insect noises"
"What is happening in the audio?","Steam hisses and a train whistle blows loudly nearby as metal clanks","A steam engine runs and whistles as it passes by
A whistle blows as a train chugs by
A train chugs nearby while blowing a horn
A train chugs along as its steam whistle screeches loudly and it moves on the track
A steam train moves along a set of tracks and blows a horn"
"What is happening in the audio?","Some liquid flows and then a man speaks over it. He says something afterward as well.","A muffled toilet flushes and the water drains
A toilet flushes and water drains
A toilet flushes and water drains
A toilet flushes once
A toilet flushes and water drains"
"What is happening in the audio?","Someone snores loudly followed by a man laughing and another person talking then another man tal","Banging metal, then crinkling paper, followed by a woman mumbling and a man grunting
Someone shuffles around objects and sighs
A door opens and plastic is crumpled
A clang followed by some plastic rustling
Paper rustles as objects bang and clatter"
"What is happening in the audio?","An engine idles and then revs up slightly as wind blows by loudly nearby several people","An engine increases in power as it runs
An aircraft making a sustained, high-pitched engine noise
An engine buzzing consistently
A high pitched engine runs
An aircraft engine runs"
"What is happening in the audio?","Steam hissing and a man speaking to someone else who responds with a grunt followed by","A man speaks as a vehicle engine idles
A man speaks as a vehicle engine idles
A man speaks with a low rumble in the background
Two adult men speak over an engine running
An adult male speaks over low engine noise"